2025-11-03 16:54:57 [INFO] ================================================================================
2025-11-03 16:54:57 [INFO] PointAlign Debug Log - Session started at 2025-11-03 16:54:57.454017
2025-11-03 16:54:57 [INFO] ================================================================================
2025-11-03 16:54:57 [INFO] SYSTEM INFORMATION:
2025-11-03 16:54:57 [INFO]   OS: Windows 11 (10.0.22621)
2025-11-03 16:54:57 [INFO]   Platform: Windows-11-10.0.22621-SP0
2025-11-03 16:54:57 [INFO]   Architecture: AMD64
2025-11-03 16:54:57 [INFO]   Processor: Intel64 Family 6 Model 158 Stepping 10, GenuineIntel
2025-11-03 16:54:57 [INFO]   Python Version: 3.13.7 (tags/v3.13.7:bcee1c3, Aug 14 2025, 14:15:11) [MSC v.1944 64 bit (AMD64)]
2025-11-03 16:54:57 [INFO]   Python Executable: C:\Users\gehl2\AppData\Local\Programs\Python\Python313\python.exe
2025-11-03 16:54:57 [INFO]   Running as: Python script
2025-11-03 16:54:57 [INFO]   Script directory: C:\Users\gehl2\Auto_align_program
2025-11-03 16:54:57 [INFO]   Working directory: C:\Users\gehl2\Auto_align_program
2025-11-03 16:54:57 [INFO] 
INSTALLED PACKAGES:
2025-11-03 16:54:57 [INFO]   OpenCV (cv2): 4.12.0
2025-11-03 16:54:57 [ERROR]   Qt Backend: ERROR - cannot import name 'QT_BACKEND' from 'qt_compat' (C:\Users\gehl2\Auto_align_program\qt_compat.py)
2025-11-03 16:54:57 [INFO]   NumPy: 2.2.6
2025-11-03 16:54:57 [INFO] 
REQUIRED FILES CHECK:
2025-11-03 16:54:57 [INFO]   ✓ Test_with_img.lys: Found at C:\Users\gehl2\Auto_align_program\Test_with_img.lys
2025-11-03 16:54:57 [INFO]   ✓ Test.GDS: Found at C:\Users\gehl2\Auto_align_program\Test.GDS
2025-11-03 16:54:57 [INFO]   ✓ icon.ico: Found at C:\Users\gehl2\Auto_align_program\icon.ico
2025-11-03 16:54:57 [INFO]   ✓ console_runner.py: Found at C:\Users\gehl2\Auto_align_program\console_runner.py
2025-11-03 16:54:57 [INFO] ================================================================================
2025-11-11 13:52:25 [INFO] ================================================================================
2025-11-11 13:52:25 [INFO] PointAlign Debug Log - Session started at 2025-11-11 13:52:25.449239
2025-11-11 13:52:25 [INFO] ================================================================================
2025-11-11 13:52:25 [INFO] SYSTEM INFORMATION:
2025-11-11 13:52:25 [INFO]   OS: Windows 11 (10.0.22621)
2025-11-11 13:52:25 [INFO]   Platform: Windows-11-10.0.22621-SP0
2025-11-11 13:52:25 [INFO]   Architecture: AMD64
2025-11-11 13:52:25 [INFO]   Processor: Intel64 Family 6 Model 158 Stepping 10, GenuineIntel
2025-11-11 13:52:25 [INFO]   Python Version: 3.13.7 (tags/v3.13.7:bcee1c3, Aug 14 2025, 14:15:11) [MSC v.1944 64 bit (AMD64)]
2025-11-11 13:52:25 [INFO]   Python Executable: C:\Users\gehl2\AppData\Local\Programs\Python\Python313\python.exe
2025-11-11 13:52:25 [INFO]   Running as: Python script
2025-11-11 13:52:25 [INFO]   Script directory: C:\Users\gehl2\Auto_align_program
2025-11-11 13:52:25 [INFO]   Working directory: C:\Users\gehl2\Auto_align_program
2025-11-11 13:52:25 [INFO] 
INSTALLED PACKAGES:
2025-11-11 13:52:26 [INFO]   OpenCV (cv2): 4.12.0
2025-11-11 13:52:26 [ERROR]   Qt Backend: ERROR - cannot import name 'QT_BACKEND' from 'qt_compat' (C:\Users\gehl2\Auto_align_program\qt_compat.py)
2025-11-11 13:52:26 [INFO]   NumPy: 2.2.6
2025-11-11 13:52:26 [INFO] 
REQUIRED FILES CHECK:
2025-11-11 13:52:26 [INFO]   ✓ Test_with_img.lys: Found at C:\Users\gehl2\Auto_align_program\Test_with_img.lys
2025-11-11 13:52:26 [INFO]   ✓ Test.GDS: Found at C:\Users\gehl2\Auto_align_program\Test.GDS
2025-11-11 13:52:26 [INFO]   ✓ icon.ico: Found at C:\Users\gehl2\Auto_align_program\icon.ico
2025-11-11 13:52:26 [INFO]   ✓ console_runner.py: Found at C:\Users\gehl2\Auto_align_program\console_runner.py
2025-11-11 13:52:26 [INFO] ================================================================================
2025-11-11 13:52:26 [INFO] Starting Point Align GUI...
2025-11-11 13:52:26 [INFO] Loaded 0 landmark presets
2025-11-11 13:52:27 [INFO] GUI initialized successfully
2025-11-11 13:52:48 [INFO] ================================================================================
2025-11-11 13:52:48 [INFO] PointAlign Debug Log - Session started at 2025-11-11 13:52:48.713539
2025-11-11 13:52:48 [INFO] ================================================================================
2025-11-11 13:52:48 [INFO] SYSTEM INFORMATION:
2025-11-11 13:52:48 [INFO]   OS: Windows 11 (10.0.22621)
2025-11-11 13:52:48 [INFO]   Platform: Windows-11-10.0.22621-SP0
2025-11-11 13:52:48 [INFO]   Architecture: AMD64
2025-11-11 13:52:48 [INFO]   Processor: Intel64 Family 6 Model 158 Stepping 10, GenuineIntel
2025-11-11 13:52:48 [INFO]   Python Version: 3.13.7 (tags/v3.13.7:bcee1c3, Aug 14 2025, 14:15:11) [MSC v.1944 64 bit (AMD64)]
2025-11-11 13:52:48 [INFO]   Python Executable: C:\Users\gehl2\AppData\Local\Programs\Python\Python313\python.exe
2025-11-11 13:52:48 [INFO]   Running as: Python script
2025-11-11 13:52:48 [INFO]   Script directory: C:\Users\gehl2\Auto_align_program
2025-11-11 13:52:48 [INFO]   Working directory: C:\Users\gehl2\Auto_align_program
2025-11-11 13:52:48 [INFO] 
INSTALLED PACKAGES:
2025-11-11 13:52:49 [INFO]   OpenCV (cv2): 4.12.0
2025-11-11 13:52:49 [ERROR]   Qt Backend: ERROR - cannot import name 'QT_BACKEND' from 'qt_compat' (C:\Users\gehl2\Auto_align_program\qt_compat.py)
2025-11-11 13:52:49 [INFO]   NumPy: 2.2.6
2025-11-11 13:52:49 [INFO] 
REQUIRED FILES CHECK:
2025-11-11 13:52:49 [INFO]   ✓ Test_with_img.lys: Found at C:\Users\gehl2\Auto_align_program\Test_with_img.lys
2025-11-11 13:52:49 [INFO]   ✓ Test.GDS: Found at C:\Users\gehl2\Auto_align_program\Test.GDS
2025-11-11 13:52:49 [INFO]   ✓ icon.ico: Found at C:\Users\gehl2\Auto_align_program\icon.ico
2025-11-11 13:52:49 [INFO]   ✓ console_runner.py: Found at C:\Users\gehl2\Auto_align_program\console_runner.py
2025-11-11 13:52:49 [INFO] ================================================================================
2025-11-11 13:52:49 [INFO] Starting Point Align GUI...
2025-11-11 13:52:49 [INFO] Loaded 0 landmark presets
2025-11-11 13:52:49 [INFO] GUI initialized successfully
2025-11-11 13:54:41 [INFO] Loaded 0 landmark presets
2025-11-11 13:57:45 [INFO] Loaded 0 landmark presets
2025-11-11 17:27:51 [INFO] ================================================================================
2025-11-11 17:27:51 [INFO] PointAlign Debug Log - Session started at 2025-11-11 17:27:51.796553
2025-11-11 17:27:51 [INFO] ================================================================================
2025-11-11 17:27:51 [INFO] SYSTEM INFORMATION:
2025-11-11 17:27:51 [INFO]   OS: Windows 11 (10.0.26100)
2025-11-11 17:27:52 [INFO]   Platform: Windows-11-10.0.26100-SP0
2025-11-11 17:27:52 [INFO]   Architecture: AMD64
2025-11-11 17:27:52 [INFO]   Processor: Intel64 Family 6 Model 158 Stepping 10, GenuineIntel
2025-11-11 17:27:52 [INFO]   Python Version: 3.14.0 (tags/v3.14.0:ebf955d, Oct  7 2025, 10:15:03) [MSC v.1944 64 bit (AMD64)]
2025-11-11 17:27:52 [INFO]   Python Executable: C:\Python314\python.exe
2025-11-11 17:27:52 [INFO]   Running as: Python script
2025-11-11 17:27:52 [INFO]   Script directory: C:\Users\gehl2\Auto_align_program
2025-11-11 17:27:52 [INFO]   Working directory: C:\Users\gehl2\Auto_align_program
2025-11-11 17:27:52 [INFO] 
INSTALLED PACKAGES:
2025-11-11 17:27:52 [ERROR]   OpenCV (cv2): NOT FOUND - No module named 'cv2'
2025-11-11 17:27:52 [ERROR]   Qt Backend: ERROR - cannot import name 'QT_BACKEND' from 'qt_compat' (C:\Users\gehl2\Auto_align_program\qt_compat.py)
2025-11-11 17:27:52 [INFO]   NumPy: 2.3.4
2025-11-11 17:27:52 [INFO] 
REQUIRED FILES CHECK:
2025-11-11 17:27:52 [INFO]   ✓ Test_with_img.lys: Found at C:\Users\gehl2\Auto_align_program\Test_with_img.lys
2025-11-11 17:27:52 [INFO]   ✓ Test.GDS: Found at C:\Users\gehl2\Auto_align_program\Test.GDS
2025-11-11 17:27:52 [INFO]   ✓ icon.ico: Found at C:\Users\gehl2\Auto_align_program\icon.ico
2025-11-11 17:27:52 [INFO]   ✓ console_runner.py: Found at C:\Users\gehl2\Auto_align_program\console_runner.py
2025-11-11 17:27:52 [INFO] ================================================================================
2025-11-11 17:27:52 [INFO] Starting Point Align GUI...
2025-11-11 17:27:52 [ERROR] EXCEPTION in main application startup:
2025-11-11 17:27:52 [ERROR]   Type: AttributeError
2025-11-11 17:27:52 [ERROR]   Message: type object 'Qt' has no attribute 'ScrollBarAlwaysOff'
2025-11-11 17:27:52 [ERROR]   Stack trace:
2025-11-11 17:27:52 [ERROR]     Traceback (most recent call last):
2025-11-11 17:27:52 [ERROR]       File "C:\Users\gehl2\Auto_align_program\align_gui_aqua_qt.py", line 423, in main
2025-11-11 17:27:52 [ERROR]         w = MainWin()
2025-11-11 17:27:52 [ERROR]       File "C:\Users\gehl2\Auto_align_program\align_gui_aqua_qt.py", line 309, in __init__
2025-11-11 17:27:52 [ERROR]         self.align_tab = AlignTab(self)
2025-11-11 17:27:52 [ERROR]                          ~~~~~~~~^^^^^^
2025-11-11 17:27:52 [ERROR]       File "C:\Users\gehl2\Auto_align_program\gui\align_tab.py", line 112, in __init__
2025-11-11 17:27:52 [ERROR]         self._build_ui()
2025-11-11 17:27:52 [ERROR]         ~~~~~~~~~~~~~~^^
2025-11-11 17:27:52 [ERROR]       File "C:\Users\gehl2\Auto_align_program\gui\align_tab.py", line 153, in _build_ui
2025-11-11 17:27:52 [ERROR]         scroll.setHorizontalScrollBarPolicy(QtCore.Qt.ScrollBarAlwaysOff)
2025-11-11 17:27:52 [ERROR]                                             ^^^^^^^^^^^^^^^^^^^^^^^^^^^^
2025-11-11 17:27:52 [ERROR]     AttributeError: type object 'Qt' has no attribute 'ScrollBarAlwaysOff'
2025-11-11 17:50:15 [INFO] ================================================================================
2025-11-11 17:50:15 [INFO] PointAlign Debug Log - Session started at 2025-11-11 17:50:15.297160
2025-11-11 17:50:15 [INFO] ================================================================================
2025-11-11 17:50:15 [INFO] SYSTEM INFORMATION:
2025-11-11 17:50:15 [INFO]   OS: Windows 11 (10.0.26100)
2025-11-11 17:50:15 [INFO]   Platform: Windows-11-10.0.26100-SP0
2025-11-11 17:50:15 [INFO]   Architecture: AMD64
2025-11-11 17:50:15 [INFO]   Processor: Intel64 Family 6 Model 158 Stepping 10, GenuineIntel
2025-11-11 17:50:15 [INFO]   Python Version: 3.14.0 (tags/v3.14.0:ebf955d, Oct  7 2025, 10:15:03) [MSC v.1944 64 bit (AMD64)]
2025-11-11 17:50:15 [INFO]   Python Executable: C:\Python314\python.exe
2025-11-11 17:50:15 [INFO]   Running as: Python script
2025-11-11 17:50:15 [INFO]   Script directory: C:\Users\gehl2\Auto_align_program
2025-11-11 17:50:15 [INFO]   Working directory: C:\Users\gehl2\Auto_align_program
2025-11-11 17:50:15 [INFO] 
INSTALLED PACKAGES:
2025-11-11 17:50:15 [ERROR]   OpenCV (cv2): NOT FOUND - No module named 'cv2'
2025-11-11 17:50:15 [INFO]   Qt Backend: PyQt6
2025-11-11 17:50:15 [INFO]   PyQt6: 6.10.0
2025-11-11 17:50:15 [INFO]   NumPy: 2.3.4
2025-11-11 17:50:15 [INFO] 
REQUIRED FILES CHECK:
2025-11-11 17:50:15 [INFO]   ✓ Test_with_img.lys: Found at C:\Users\gehl2\Auto_align_program\Test_with_img.lys
2025-11-11 17:50:15 [INFO]   ✓ Test.GDS: Found at C:\Users\gehl2\Auto_align_program\Test.GDS
2025-11-11 17:50:15 [INFO]   ✓ icon.ico: Found at C:\Users\gehl2\Auto_align_program\icon.ico
2025-11-11 17:50:15 [INFO]   ✓ console_runner.py: Found at C:\Users\gehl2\Auto_align_program\console_runner.py
2025-11-11 17:50:15 [INFO] ================================================================================
2025-11-11 17:50:15 [INFO] Starting Point Align GUI...
2025-11-11 17:50:15 [INFO] Loaded 0 landmark presets
2025-11-11 17:50:16 [INFO] GUI initialized successfully
2025-11-11 17:50:26 [INFO] Single align requested for: C:/Users/gehl2/Downloads/IMG_2025_08_21_51204.JPG
2025-11-11 17:50:26 [INFO] Command arguments: ['--files', 'C:/Users/gehl2/Downloads/IMG_2025_08_21_51204.JPG', '--lys-in', 'C:\\Users\\gehl2\\Auto_align_program\\Test_with_img.lys', '--after', '(-50,60),(70,60),(-50,-60),(70,-60)', '--affine', '--combined-out', 'C:\\Users\\gehl2\\Desktop\\Aligned-2025-11-11.lys', '--auto-review', '--gds-file', 'C:\\Users\\gehl2\\Auto_align_program\\Test.GDS']
2025-11-11 17:50:26 [INFO] Emitting run request signal...
2025-11-11 17:50:26 [INFO] Run log file: C:\Users\gehl2\AppData\Local\Temp\PointAlign_run_20251111_175026.log
2025-11-11 17:50:26 [DEBUG] Using Python command: ['py', '-3']
2025-11-11 17:50:26 [INFO] Starting subprocess:
2025-11-11 17:50:26 [INFO]   Command: py -3 -u C:\Users\gehl2\Auto_align_program\point_align_batch_runner_gui.py --files C:/Users/gehl2/Downloads/IMG_2025_08_21_51204.JPG --lys-in C:\Users\gehl2\Auto_align_program\Test_with_img.lys --after (-50,60),(70,60),(-50,-60),(70,-60) --affine --combined-out C:\Users\gehl2\Desktop\Aligned-2025-11-11.lys --auto-review --gds-file C:\Users\gehl2\Auto_align_program\Test.GDS
2025-11-11 17:50:26 [DEBUG] Starting subprocess with creationflags=134217728
2025-11-11 17:50:39 [DEBUG]   [STDOUT] [OK] IMG_2025_08_21_51204.JPG → C:\Users\gehl2\Desktop\Aligned-2025-11-11.lys (RMS=0.103 µm)
2025-11-11 17:50:39 [DEBUG]   [STDOUT] Done. Appended 1/1 images into: C:\Users\gehl2\Desktop\Aligned-2025-11-11.lys
2025-11-11 17:50:39 [INFO] Process completed with exit code: 0
2025-11-11 17:51:58 [INFO] ================================================================================
2025-11-11 17:51:58 [INFO] PointAlign Debug Log - Session started at 2025-11-11 17:51:58.164777
2025-11-11 17:51:58 [INFO] ================================================================================
2025-11-11 17:51:58 [INFO] SYSTEM INFORMATION:
2025-11-11 17:51:58 [INFO]   OS: Windows 11 (10.0.26100)
2025-11-11 17:51:58 [INFO]   Platform: Windows-11-10.0.26100-SP0
2025-11-11 17:51:58 [INFO]   Architecture: AMD64
2025-11-11 17:51:58 [INFO]   Processor: Intel64 Family 6 Model 158 Stepping 10, GenuineIntel
2025-11-11 17:51:58 [INFO]   Python Version: 3.14.0 (tags/v3.14.0:ebf955d, Oct  7 2025, 10:15:03) [MSC v.1944 64 bit (AMD64)]
2025-11-11 17:51:58 [INFO]   Python Executable: C:\Python314\python.exe
2025-11-11 17:51:58 [INFO]   Running as: Python script
2025-11-11 17:51:58 [INFO]   Script directory: C:\Users\gehl2\Auto_align_program
2025-11-11 17:51:58 [INFO]   Working directory: C:\Users\gehl2\Auto_align_program
2025-11-11 17:51:58 [INFO] 
INSTALLED PACKAGES:
2025-11-11 17:51:58 [ERROR]   OpenCV (cv2): NOT FOUND - No module named 'cv2'
2025-11-11 17:51:58 [INFO]   Qt Backend: PyQt6
2025-11-11 17:51:58 [INFO]   PyQt6: 6.10.0
2025-11-11 17:51:58 [INFO]   NumPy: 2.3.4
2025-11-11 17:51:58 [INFO] 
REQUIRED FILES CHECK:
2025-11-11 17:51:58 [INFO]   ✓ Test_with_img.lys: Found at C:\Users\gehl2\Auto_align_program\Test_with_img.lys
2025-11-11 17:51:58 [INFO]   ✓ Test.GDS: Found at C:\Users\gehl2\Auto_align_program\Test.GDS
2025-11-11 17:51:58 [INFO]   ✓ icon.ico: Found at C:\Users\gehl2\Auto_align_program\icon.ico
2025-11-11 17:51:58 [INFO]   ✓ console_runner.py: Found at C:\Users\gehl2\Auto_align_program\console_runner.py
2025-11-11 17:51:58 [INFO] ================================================================================
2025-11-11 17:51:58 [INFO] Starting Point Align GUI...
2025-11-11 17:51:58 [INFO] Loaded 0 landmark presets
2025-11-11 17:51:59 [INFO] GUI initialized successfully
2025-11-11 17:54:03 [INFO] ================================================================================
2025-11-11 17:54:03 [INFO] PointAlign Debug Log - Session started at 2025-11-11 17:54:03.819329
2025-11-11 17:54:03 [INFO] ================================================================================
2025-11-11 17:54:03 [INFO] SYSTEM INFORMATION:
2025-11-11 17:54:03 [INFO]   OS: Windows 11 (10.0.26100)
2025-11-11 17:54:04 [INFO]   Platform: Windows-11-10.0.26100-SP0
2025-11-11 17:54:04 [INFO]   Architecture: AMD64
2025-11-11 17:54:04 [INFO]   Processor: Intel64 Family 6 Model 158 Stepping 10, GenuineIntel
2025-11-11 17:54:04 [INFO]   Python Version: 3.14.0 (tags/v3.14.0:ebf955d, Oct  7 2025, 10:15:03) [MSC v.1944 64 bit (AMD64)]
2025-11-11 17:54:04 [INFO]   Python Executable: C:\Python314\python.exe
2025-11-11 17:54:04 [INFO]   Running as: Python script
2025-11-11 17:54:04 [INFO]   Script directory: C:\Users\gehl2\Auto_align_program
2025-11-11 17:54:04 [INFO]   Working directory: C:\Users\gehl2\Auto_align_program
2025-11-11 17:54:04 [INFO] 
INSTALLED PACKAGES:
2025-11-11 17:54:04 [ERROR]   OpenCV (cv2): NOT FOUND - No module named 'cv2'
2025-11-11 17:54:04 [INFO]   Qt Backend: PyQt6
2025-11-11 17:54:04 [INFO]   PyQt6: 6.10.0
2025-11-11 17:54:04 [INFO]   NumPy: 2.3.4
2025-11-11 17:54:04 [INFO] 
REQUIRED FILES CHECK:
2025-11-11 17:54:04 [INFO]   ✓ Test_with_img.lys: Found at C:\Users\gehl2\Auto_align_program\Test_with_img.lys
2025-11-11 17:54:04 [INFO]   ✓ Test.GDS: Found at C:\Users\gehl2\Auto_align_program\Test.GDS
2025-11-11 17:54:04 [INFO]   ✓ icon.ico: Found at C:\Users\gehl2\Auto_align_program\icon.ico
2025-11-11 17:54:04 [INFO]   ✓ console_runner.py: Found at C:\Users\gehl2\Auto_align_program\console_runner.py
2025-11-11 17:54:04 [INFO] ================================================================================
2025-11-11 17:54:04 [INFO] Starting Point Align GUI...
2025-11-11 17:54:04 [INFO] Loaded 0 landmark presets
2025-11-11 17:54:04 [INFO] GUI initialized successfully
2025-11-11 17:58:28 [INFO] ================================================================================
2025-11-11 17:58:28 [INFO] PointAlign Debug Log - Session started at 2025-11-11 17:58:28.222252
2025-11-11 17:58:28 [INFO] ================================================================================
2025-11-11 17:58:28 [INFO] SYSTEM INFORMATION:
2025-11-11 17:58:28 [INFO]   OS: Windows 11 (10.0.26100)
2025-11-11 17:58:28 [INFO]   Platform: Windows-11-10.0.26100-SP0
2025-11-11 17:58:28 [INFO]   Architecture: AMD64
2025-11-11 17:58:28 [INFO]   Processor: Intel64 Family 6 Model 158 Stepping 10, GenuineIntel
2025-11-11 17:58:28 [INFO]   Python Version: 3.14.0 (tags/v3.14.0:ebf955d, Oct  7 2025, 10:15:03) [MSC v.1944 64 bit (AMD64)]
2025-11-11 17:58:28 [INFO]   Python Executable: C:\Python314\python.exe
2025-11-11 17:58:28 [INFO]   Running as: Python script
2025-11-11 17:58:28 [INFO]   Script directory: C:\Users\gehl2\Auto_align_program
2025-11-11 17:58:28 [INFO]   Working directory: C:\Users\gehl2\Auto_align_program
2025-11-11 17:58:28 [INFO] 
INSTALLED PACKAGES:
2025-11-11 17:58:28 [ERROR]   OpenCV (cv2): NOT FOUND - No module named 'cv2'
2025-11-11 17:58:28 [INFO]   Qt Backend: PyQt6
2025-11-11 17:58:28 [INFO]   PyQt6: 6.10.0
2025-11-11 17:58:28 [INFO]   NumPy: 2.3.4
2025-11-11 17:58:28 [INFO] 
REQUIRED FILES CHECK:
2025-11-11 17:58:28 [INFO]   ✓ Test_with_img.lys: Found at C:\Users\gehl2\Auto_align_program\Test_with_img.lys
2025-11-11 17:58:28 [INFO]   ✓ Test.GDS: Found at C:\Users\gehl2\Auto_align_program\Test.GDS
2025-11-11 17:58:28 [INFO]   ✓ icon.ico: Found at C:\Users\gehl2\Auto_align_program\icon.ico
2025-11-11 17:58:28 [INFO]   ✓ console_runner.py: Found at C:\Users\gehl2\Auto_align_program\console_runner.py
2025-11-11 17:58:28 [INFO] ================================================================================
2025-11-11 17:58:28 [INFO] Starting Point Align GUI...
2025-11-11 17:58:28 [INFO] Loaded 0 landmark presets
2025-11-11 17:58:29 [INFO] GUI initialized successfully
2025-11-11 17:58:42 [INFO] Single align requested for: C:/Users/gehl2/Downloads/IMG_2025_08_21_51204.JPG
2025-11-11 17:58:42 [INFO] Command arguments: ['--files', 'C:/Users/gehl2/Downloads/IMG_2025_08_21_51204.JPG', '--lys-in', 'C:\\Users\\gehl2\\Auto_align_program\\Test_with_img.lys', '--after', '(-50,60),(70,60),(-50,-60),(70,-60)', '--affine', '--combined-out', 'C:\\Users\\gehl2\\Desktop\\Aligned-2025-11-11-2.lys', '--auto-review', '--gds-file', 'C:\\Users\\gehl2\\Auto_align_program\\Test.GDS']
2025-11-11 17:58:42 [INFO] Emitting run request signal...
2025-11-11 17:58:42 [INFO] Run log file: C:\Users\gehl2\AppData\Local\Temp\PointAlign_run_20251111_175842.log
2025-11-11 17:58:42 [DEBUG] Using Python command: ['py', '-3']
2025-11-11 17:58:42 [INFO] Starting subprocess:
2025-11-11 17:58:42 [INFO]   Command: py -3 -u C:\Users\gehl2\Auto_align_program\point_align_batch_runner_gui.py --files C:/Users/gehl2/Downloads/IMG_2025_08_21_51204.JPG --lys-in C:\Users\gehl2\Auto_align_program\Test_with_img.lys --after (-50,60),(70,60),(-50,-60),(70,-60) --affine --combined-out C:\Users\gehl2\Desktop\Aligned-2025-11-11-2.lys --auto-review --gds-file C:\Users\gehl2\Auto_align_program\Test.GDS
2025-11-11 17:58:42 [DEBUG] Starting subprocess with creationflags=134217728
2025-11-11 17:58:55 [DEBUG]   [STDOUT] [OK] IMG_2025_08_21_51204.JPG → C:\Users\gehl2\Desktop\Aligned-2025-11-11-2.lys (RMS=0.112 µm)
2025-11-11 17:58:55 [DEBUG]   [STDOUT] Done. Appended 1/1 images into: C:\Users\gehl2\Desktop\Aligned-2025-11-11-2.lys
2025-11-11 17:58:56 [INFO] Process completed with exit code: 0
2025-11-11 17:59:40 [INFO] Opened log folder: C:\Users\gehl2\Auto_align_program
2025-11-11 18:01:28 [INFO] ================================================================================
2025-11-11 18:01:28 [INFO] PointAlign Debug Log - Session started at 2025-11-11 18:01:28.361696
2025-11-11 18:01:28 [INFO] ================================================================================
2025-11-11 18:01:28 [INFO] SYSTEM INFORMATION:
2025-11-11 18:01:28 [INFO]   OS: Windows 11 (10.0.26100)
2025-11-11 18:01:28 [INFO]   Platform: Windows-11-10.0.26100-SP0
2025-11-11 18:01:28 [INFO]   Architecture: AMD64
2025-11-11 18:01:28 [INFO]   Processor: Intel64 Family 6 Model 158 Stepping 10, GenuineIntel
2025-11-11 18:01:28 [INFO]   Python Version: 3.14.0 (tags/v3.14.0:ebf955d, Oct  7 2025, 10:15:03) [MSC v.1944 64 bit (AMD64)]
2025-11-11 18:01:28 [INFO]   Python Executable: C:\Python314\python.exe
2025-11-11 18:01:28 [INFO]   Running as: Python script
2025-11-11 18:01:28 [INFO]   Script directory: C:\Users\gehl2\Auto_align_program
2025-11-11 18:01:28 [INFO]   Working directory: C:\Users\gehl2\Auto_align_program
2025-11-11 18:01:28 [INFO] 
INSTALLED PACKAGES:
2025-11-11 18:01:28 [ERROR]   OpenCV (cv2): NOT FOUND - No module named 'cv2'
2025-11-11 18:01:28 [INFO]   Qt Backend: PyQt6
2025-11-11 18:01:28 [INFO]   PyQt6: 6.10.0
2025-11-11 18:01:28 [INFO]   NumPy: 2.3.4
2025-11-11 18:01:28 [INFO] 
REQUIRED FILES CHECK:
2025-11-11 18:01:28 [INFO]   ✓ Test_with_img.lys: Found at C:\Users\gehl2\Auto_align_program\Test_with_img.lys
2025-11-11 18:01:28 [INFO]   ✓ Test.GDS: Found at C:\Users\gehl2\Auto_align_program\Test.GDS
2025-11-11 18:01:28 [INFO]   ✓ icon.ico: Found at C:\Users\gehl2\Auto_align_program\icon.ico
2025-11-11 18:01:28 [INFO]   ✓ console_runner.py: Found at C:\Users\gehl2\Auto_align_program\console_runner.py
2025-11-11 18:01:28 [INFO] ================================================================================
2025-11-11 18:01:28 [INFO] Starting Point Align GUI...
2025-11-11 18:01:28 [INFO] Loaded 0 landmark presets
2025-11-11 18:01:29 [INFO] GUI initialized successfully
2025-11-11 18:03:49 [INFO] ================================================================================
2025-11-11 18:03:49 [INFO] PointAlign Debug Log - Session started at 2025-11-11 18:03:49.392418
2025-11-11 18:03:49 [INFO] ================================================================================
2025-11-11 18:03:49 [INFO] SYSTEM INFORMATION:
2025-11-11 18:03:49 [INFO]   OS: Windows 11 (10.0.26100)
2025-11-11 18:03:49 [INFO]   Platform: Windows-11-10.0.26100-SP0
2025-11-11 18:03:49 [INFO]   Architecture: AMD64
2025-11-11 18:03:49 [INFO]   Processor: Intel64 Family 6 Model 158 Stepping 10, GenuineIntel
2025-11-11 18:03:49 [INFO]   Python Version: 3.14.0 (tags/v3.14.0:ebf955d, Oct  7 2025, 10:15:03) [MSC v.1944 64 bit (AMD64)]
2025-11-11 18:03:49 [INFO]   Python Executable: C:\Python314\python.exe
2025-11-11 18:03:49 [INFO]   Running as: Python script
2025-11-11 18:03:49 [INFO]   Script directory: C:\Users\gehl2\Auto_align_program
2025-11-11 18:03:49 [INFO]   Working directory: C:\Users\gehl2\Auto_align_program
2025-11-11 18:03:49 [INFO] 
INSTALLED PACKAGES:
2025-11-11 18:03:49 [ERROR]   OpenCV (cv2): NOT FOUND - No module named 'cv2'
2025-11-11 18:03:49 [INFO]   Qt Backend: PyQt6
2025-11-11 18:03:49 [INFO]   PyQt6: 6.10.0
2025-11-11 18:03:49 [INFO]   NumPy: 2.3.4
2025-11-11 18:03:49 [INFO] 
REQUIRED FILES CHECK:
2025-11-11 18:03:49 [INFO]   ✓ Test_with_img.lys: Found at C:\Users\gehl2\Auto_align_program\Test_with_img.lys
2025-11-11 18:03:49 [INFO]   ✓ Test.GDS: Found at C:\Users\gehl2\Auto_align_program\Test.GDS
2025-11-11 18:03:49 [INFO]   ✓ icon.ico: Found at C:\Users\gehl2\Auto_align_program\icon.ico
2025-11-11 18:03:49 [INFO]   ✓ console_runner.py: Found at C:\Users\gehl2\Auto_align_program\console_runner.py
2025-11-11 18:03:49 [INFO] ================================================================================
2025-11-11 18:03:49 [INFO] Starting Point Align GUI...
2025-11-11 18:03:49 [INFO] Loaded 0 landmark presets
2025-11-11 18:03:50 [INFO] GUI initialized successfully
2025-11-11 18:04:04 [INFO] Single align requested for: C:/Users/gehl2/Downloads/IMG_2025_07_25_48938.JPG
2025-11-11 18:04:04 [INFO] Command arguments: ['--files', 'C:/Users/gehl2/Downloads/IMG_2025_07_25_48938.JPG', '--lys-in', 'C:\\Users\\gehl2\\Auto_align_program\\Test_with_img.lys', '--after', '(-50,60),(70,60),(-50,-60),(70,-60)', '--affine', '--combined-out', 'C:\\Users\\gehl2\\Desktop\\Aligned-2025-11-11-3.lys', '--auto-review', '--gds-file', 'C:\\Users\\gehl2\\Auto_align_program\\Test.GDS']
2025-11-11 18:04:04 [INFO] Emitting run request signal...
2025-11-11 18:04:04 [INFO] Run log file: C:\Users\gehl2\AppData\Local\Temp\PointAlign_run_20251111_180404.log
2025-11-11 18:04:05 [DEBUG] Using Python command: ['py', '-3']
2025-11-11 18:04:05 [INFO] Starting subprocess:
2025-11-11 18:04:05 [INFO]   Command: py -3 -u C:\Users\gehl2\Auto_align_program\point_align_batch_runner_gui.py --files C:/Users/gehl2/Downloads/IMG_2025_07_25_48938.JPG --lys-in C:\Users\gehl2\Auto_align_program\Test_with_img.lys --after (-50,60),(70,60),(-50,-60),(70,-60) --affine --combined-out C:\Users\gehl2\Desktop\Aligned-2025-11-11-3.lys --auto-review --gds-file C:\Users\gehl2\Auto_align_program\Test.GDS
2025-11-11 18:04:05 [DEBUG] Starting subprocess with creationflags=134217728
2025-11-11 18:04:16 [DEBUG]   [STDOUT] [OK] IMG_2025_07_25_48938.JPG → C:\Users\gehl2\Desktop\Aligned-2025-11-11-3.lys (RMS=0.155 µm)
2025-11-11 18:04:16 [DEBUG]   [STDOUT] Done. Appended 1/1 images into: C:\Users\gehl2\Desktop\Aligned-2025-11-11-3.lys
2025-11-11 18:04:16 [INFO] Process completed with exit code: 0
2025-11-11 18:06:52 [INFO] ================================================================================
2025-11-11 18:06:52 [INFO] PointAlign Debug Log - Session started at 2025-11-11 18:06:52.789137
2025-11-11 18:06:52 [INFO] ================================================================================
2025-11-11 18:06:52 [INFO] SYSTEM INFORMATION:
2025-11-11 18:06:52 [INFO]   OS: Windows 11 (10.0.26100)
2025-11-11 18:06:52 [INFO]   Platform: Windows-11-10.0.26100-SP0
2025-11-11 18:06:52 [INFO]   Architecture: AMD64
2025-11-11 18:06:52 [INFO]   Processor: Intel64 Family 6 Model 158 Stepping 10, GenuineIntel
2025-11-11 18:06:52 [INFO]   Python Version: 3.14.0 (tags/v3.14.0:ebf955d, Oct  7 2025, 10:15:03) [MSC v.1944 64 bit (AMD64)]
2025-11-11 18:06:52 [INFO]   Python Executable: C:\Python314\python.exe
2025-11-11 18:06:52 [INFO]   Running as: Python script
2025-11-11 18:06:52 [INFO]   Script directory: C:\Users\gehl2\Auto_align_program
2025-11-11 18:06:52 [INFO]   Working directory: C:\Users\gehl2\Auto_align_program
2025-11-11 18:06:52 [INFO] 
INSTALLED PACKAGES:
2025-11-11 18:06:52 [ERROR]   OpenCV (cv2): NOT FOUND - No module named 'cv2'
2025-11-11 18:06:52 [INFO]   Qt Backend: PyQt6
2025-11-11 18:06:52 [INFO]   PyQt6: 6.10.0
2025-11-11 18:06:53 [INFO]   NumPy: 2.3.4
2025-11-11 18:06:53 [INFO] 
REQUIRED FILES CHECK:
2025-11-11 18:06:53 [INFO]   ✓ Test_with_img.lys: Found at C:\Users\gehl2\Auto_align_program\Test_with_img.lys
2025-11-11 18:06:53 [INFO]   ✓ Test.GDS: Found at C:\Users\gehl2\Auto_align_program\Test.GDS
2025-11-11 18:06:53 [INFO]   ✓ icon.ico: Found at C:\Users\gehl2\Auto_align_program\icon.ico
2025-11-11 18:06:53 [INFO]   ✓ console_runner.py: Found at C:\Users\gehl2\Auto_align_program\console_runner.py
2025-11-11 18:06:53 [INFO] ================================================================================
2025-11-11 18:06:53 [INFO] Starting Point Align GUI...
2025-11-11 18:06:53 [INFO] Loaded 0 landmark presets
2025-11-11 18:06:53 [INFO] GUI initialized successfully
2025-11-11 18:08:13 [INFO] ================================================================================
2025-11-11 18:08:13 [INFO] PointAlign Debug Log - Session started at 2025-11-11 18:08:13.746991
2025-11-11 18:08:13 [INFO] ================================================================================
2025-11-11 18:08:13 [INFO] SYSTEM INFORMATION:
2025-11-11 18:08:13 [INFO]   OS: Windows 11 (10.0.26100)
2025-11-11 18:08:13 [INFO]   Platform: Windows-11-10.0.26100-SP0
2025-11-11 18:08:13 [INFO]   Architecture: AMD64
2025-11-11 18:08:13 [INFO]   Processor: Intel64 Family 6 Model 158 Stepping 10, GenuineIntel
2025-11-11 18:08:13 [INFO]   Python Version: 3.14.0 (tags/v3.14.0:ebf955d, Oct  7 2025, 10:15:03) [MSC v.1944 64 bit (AMD64)]
2025-11-11 18:08:13 [INFO]   Python Executable: C:\Python314\python.exe
2025-11-11 18:08:13 [INFO]   Running as: Python script
2025-11-11 18:08:13 [INFO]   Script directory: C:\Users\gehl2\Auto_align_program
2025-11-11 18:08:13 [INFO]   Working directory: C:\Users\gehl2\Auto_align_program
2025-11-11 18:08:13 [INFO] 
INSTALLED PACKAGES:
2025-11-11 18:08:13 [ERROR]   OpenCV (cv2): NOT FOUND - No module named 'cv2'
2025-11-11 18:08:13 [INFO]   Qt Backend: PyQt6
2025-11-11 18:08:13 [INFO]   PyQt6: 6.10.0
2025-11-11 18:08:14 [INFO]   NumPy: 2.3.4
2025-11-11 18:08:14 [INFO] 
REQUIRED FILES CHECK:
2025-11-11 18:08:14 [INFO]   ✓ Test_with_img.lys: Found at C:\Users\gehl2\Auto_align_program\Test_with_img.lys
2025-11-11 18:08:14 [INFO]   ✓ Test.GDS: Found at C:\Users\gehl2\Auto_align_program\Test.GDS
2025-11-11 18:08:14 [INFO]   ✓ icon.ico: Found at C:\Users\gehl2\Auto_align_program\icon.ico
2025-11-11 18:08:14 [INFO]   ✓ console_runner.py: Found at C:\Users\gehl2\Auto_align_program\console_runner.py
2025-11-11 18:08:14 [INFO] ================================================================================
2025-11-11 18:08:14 [INFO] Starting Point Align GUI...
2025-11-11 18:08:14 [INFO] Loaded 0 landmark presets
2025-11-11 18:08:14 [INFO] GUI initialized successfully
2025-11-11 18:08:28 [INFO] Building command line arguments...
2025-11-11 18:08:28 [INFO] Command arguments: ['--files', 'C:/Users/gehl2/Downloads/IMG_2025_08_21_51204.JPG', 'C:/Users/gehl2/Downloads/IMG_2025_07_25_48938.JPG', '--lys-in', 'C:\\Users\\gehl2\\Auto_align_program\\Test_with_img.lys', '--after', '(-50,60),(70,60),(-50,-60),(70,-60)', '--affine', '--combined-out', 'C:\\Users\\gehl2\\Desktop\\Aligned-2025-11-11-4.lys', '--auto-review', '--gds-file', 'C:\\Users\\gehl2\\Auto_align_program\\Test.GDS']
2025-11-11 18:08:28 [INFO] Emitting run request signal...
2025-11-11 18:08:28 [INFO] Run log file: C:\Users\gehl2\AppData\Local\Temp\PointAlign_run_20251111_180828.log
2025-11-11 18:08:28 [DEBUG] Using Python command: ['py', '-3']
2025-11-11 18:08:28 [INFO] Starting subprocess:
2025-11-11 18:08:28 [INFO]   Command: py -3 -u C:\Users\gehl2\Auto_align_program\point_align_batch_runner_gui.py --files C:/Users/gehl2/Downloads/IMG_2025_08_21_51204.JPG C:/Users/gehl2/Downloads/IMG_2025_07_25_48938.JPG --lys-in C:\Users\gehl2\Auto_align_program\Test_with_img.lys --after (-50,60),(70,60),(-50,-60),(70,-60) --affine --combined-out C:\Users\gehl2\Desktop\Aligned-2025-11-11-4.lys --auto-review --gds-file C:\Users\gehl2\Auto_align_program\Test.GDS
2025-11-11 18:08:28 [DEBUG] Starting subprocess with creationflags=134217728
2025-11-11 18:08:47 [DEBUG]   [STDOUT] [OK] IMG_2025_08_21_51204.JPG → C:\Users\gehl2\Desktop\Aligned-2025-11-11-4.lys (RMS=0.153 µm)
2025-11-11 18:08:57 [DEBUG]   [STDOUT] [OK] IMG_2025_07_25_48938.JPG → C:\Users\gehl2\Desktop\Aligned-2025-11-11-4.lys (RMS=0.120 µm)
2025-11-11 18:08:57 [DEBUG]   [STDOUT] Done. Appended 2/2 images into: C:\Users\gehl2\Desktop\Aligned-2025-11-11-4.lys
2025-11-11 18:08:57 [INFO] Process completed with exit code: 0
2025-11-11 18:09:10 [INFO] Opened log folder: C:\Users\gehl2\Auto_align_program
2025-11-11 18:10:37 [INFO] ================================================================================
2025-11-11 18:10:37 [INFO] PointAlign Debug Log - Session started at 2025-11-11 18:10:37.699534
2025-11-11 18:10:37 [INFO] ================================================================================
2025-11-11 18:10:37 [INFO] SYSTEM INFORMATION:
2025-11-11 18:10:37 [INFO]   OS: Windows 11 (10.0.26100)
2025-11-11 18:10:37 [INFO]   Platform: Windows-11-10.0.26100-SP0
2025-11-11 18:10:37 [INFO]   Architecture: AMD64
2025-11-11 18:10:37 [INFO]   Processor: Intel64 Family 6 Model 158 Stepping 10, GenuineIntel
2025-11-11 18:10:37 [INFO]   Python Version: 3.14.0 (tags/v3.14.0:ebf955d, Oct  7 2025, 10:15:03) [MSC v.1944 64 bit (AMD64)]
2025-11-11 18:10:37 [INFO]   Python Executable: C:\Python314\python.exe
2025-11-11 18:10:37 [INFO]   Running as: Python script
2025-11-11 18:10:37 [INFO]   Script directory: C:\Users\gehl2\Auto_align_program
2025-11-11 18:10:37 [INFO]   Working directory: C:\Users\gehl2\Auto_align_program
2025-11-11 18:10:37 [INFO] 
INSTALLED PACKAGES:
2025-11-11 18:10:37 [ERROR]   OpenCV (cv2): NOT FOUND - No module named 'cv2'
2025-11-11 18:10:37 [INFO]   Qt Backend: PyQt6
2025-11-11 18:10:37 [INFO]   PyQt6: 6.10.0
2025-11-11 18:10:37 [INFO]   NumPy: 2.3.4
2025-11-11 18:10:37 [INFO] 
REQUIRED FILES CHECK:
2025-11-11 18:10:37 [INFO]   ✓ Test_with_img.lys: Found at C:\Users\gehl2\Auto_align_program\Test_with_img.lys
2025-11-11 18:10:37 [INFO]   ✓ Test.GDS: Found at C:\Users\gehl2\Auto_align_program\Test.GDS
2025-11-11 18:10:37 [INFO]   ✓ icon.ico: Found at C:\Users\gehl2\Auto_align_program\icon.ico
2025-11-11 18:10:37 [INFO]   ✓ console_runner.py: Found at C:\Users\gehl2\Auto_align_program\console_runner.py
2025-11-11 18:10:37 [INFO] ================================================================================
2025-11-11 18:10:37 [INFO] Starting Point Align GUI...
2025-11-11 18:10:38 [INFO] Loaded 0 landmark presets
2025-11-11 18:10:38 [INFO] GUI initialized successfully
2025-11-11 18:10:50 [DEBUG] _on_select_all_changed called with state=2
2025-11-11 18:10:50 [DEBUG] Qt.Checked value = CheckState.Checked
2025-11-11 18:10:50 [DEBUG] State == Qt.Checked? False
2025-11-11 18:10:50 [DEBUG] checked=False
2025-11-11 18:10:50 [DEBUG] Number of image strips: 2
2025-11-11 18:10:50 [DEBUG] Processing strip 1/2
2025-11-11 18:10:50 [DEBUG]   Before: checkbox.isChecked() = False
2025-11-11 18:10:50 [DEBUG]   After set_checked(False): checkbox.isChecked() = False
2025-11-11 18:10:50 [DEBUG] Processing strip 2/2
2025-11-11 18:10:50 [DEBUG]   Before: checkbox.isChecked() = False
2025-11-11 18:10:50 [DEBUG]   After set_checked(False): checkbox.isChecked() = False
2025-11-11 18:10:50 [DEBUG] _on_select_all_changed completed
2025-11-11 18:10:51 [DEBUG] _on_select_all_changed called with state=0
2025-11-11 18:10:51 [DEBUG] Qt.Checked value = CheckState.Checked
2025-11-11 18:10:51 [DEBUG] State == Qt.Checked? False
2025-11-11 18:10:51 [DEBUG] checked=False
2025-11-11 18:10:51 [DEBUG] Number of image strips: 2
2025-11-11 18:10:51 [DEBUG] Processing strip 1/2
2025-11-11 18:10:51 [DEBUG]   Before: checkbox.isChecked() = True
2025-11-11 18:10:51 [DEBUG]   After set_checked(False): checkbox.isChecked() = False
2025-11-11 18:10:51 [DEBUG] Processing strip 2/2
2025-11-11 18:10:51 [DEBUG]   Before: checkbox.isChecked() = False
2025-11-11 18:10:51 [DEBUG]   After set_checked(False): checkbox.isChecked() = False
2025-11-11 18:10:51 [DEBUG] _on_select_all_changed completed
2025-11-11 18:10:53 [DEBUG] _on_select_all_changed called with state=2
2025-11-11 18:10:53 [DEBUG] Qt.Checked value = CheckState.Checked
2025-11-11 18:10:53 [DEBUG] State == Qt.Checked? False
2025-11-11 18:10:53 [DEBUG] checked=False
2025-11-11 18:10:53 [DEBUG] Number of image strips: 2
2025-11-11 18:10:53 [DEBUG] Processing strip 1/2
2025-11-11 18:10:53 [DEBUG]   Before: checkbox.isChecked() = False
2025-11-11 18:10:53 [DEBUG]   After set_checked(False): checkbox.isChecked() = False
2025-11-11 18:10:53 [DEBUG] Processing strip 2/2
2025-11-11 18:10:53 [DEBUG]   Before: checkbox.isChecked() = False
2025-11-11 18:10:53 [DEBUG]   After set_checked(False): checkbox.isChecked() = False
2025-11-11 18:10:53 [DEBUG] _on_select_all_changed completed
2025-11-11 18:10:55 [DEBUG] _on_select_all_changed called with state=0
2025-11-11 18:10:55 [DEBUG] Qt.Checked value = CheckState.Checked
2025-11-11 18:10:55 [DEBUG] State == Qt.Checked? False
2025-11-11 18:10:55 [DEBUG] checked=False
2025-11-11 18:10:55 [DEBUG] Number of image strips: 2
2025-11-11 18:10:55 [DEBUG] Processing strip 1/2
2025-11-11 18:10:55 [DEBUG]   Before: checkbox.isChecked() = True
2025-11-11 18:10:55 [DEBUG]   After set_checked(False): checkbox.isChecked() = False
2025-11-11 18:10:55 [DEBUG] Processing strip 2/2
2025-11-11 18:10:55 [DEBUG]   Before: checkbox.isChecked() = False
2025-11-11 18:10:55 [DEBUG]   After set_checked(False): checkbox.isChecked() = False
2025-11-11 18:10:55 [DEBUG] _on_select_all_changed completed
2025-11-11 18:10:56 [DEBUG] _on_select_all_changed called with state=2
2025-11-11 18:10:56 [DEBUG] Qt.Checked value = CheckState.Checked
2025-11-11 18:10:56 [DEBUG] State == Qt.Checked? False
2025-11-11 18:10:56 [DEBUG] checked=False
2025-11-11 18:10:56 [DEBUG] Number of image strips: 2
2025-11-11 18:10:56 [DEBUG] Processing strip 1/2
2025-11-11 18:10:56 [DEBUG]   Before: checkbox.isChecked() = False
2025-11-11 18:10:56 [DEBUG]   After set_checked(False): checkbox.isChecked() = False
2025-11-11 18:10:56 [DEBUG] Processing strip 2/2
2025-11-11 18:10:56 [DEBUG]   Before: checkbox.isChecked() = False
2025-11-11 18:10:56 [DEBUG]   After set_checked(False): checkbox.isChecked() = False
2025-11-11 18:10:56 [DEBUG] _on_select_all_changed completed
2025-11-11 18:10:58 [DEBUG] _on_select_all_changed called with state=0
2025-11-11 18:10:58 [DEBUG] Qt.Checked value = CheckState.Checked
2025-11-11 18:10:58 [DEBUG] State == Qt.Checked? False
2025-11-11 18:10:58 [DEBUG] checked=False
2025-11-11 18:10:58 [DEBUG] Number of image strips: 2
2025-11-11 18:10:58 [DEBUG] Processing strip 1/2
2025-11-11 18:10:58 [DEBUG]   Before: checkbox.isChecked() = True
2025-11-11 18:10:58 [DEBUG]   After set_checked(False): checkbox.isChecked() = False
2025-11-11 18:10:58 [DEBUG] Processing strip 2/2
2025-11-11 18:10:58 [DEBUG]   Before: checkbox.isChecked() = False
2025-11-11 18:10:58 [DEBUG]   After set_checked(False): checkbox.isChecked() = False
2025-11-11 18:10:58 [DEBUG] _on_select_all_changed completed
2025-11-11 18:11:00 [DEBUG] _on_select_all_changed called with state=2
2025-11-11 18:11:00 [DEBUG] Qt.Checked value = CheckState.Checked
2025-11-11 18:11:00 [DEBUG] State == Qt.Checked? False
2025-11-11 18:11:00 [DEBUG] checked=False
2025-11-11 18:11:00 [DEBUG] Number of image strips: 2
2025-11-11 18:11:00 [DEBUG] Processing strip 1/2
2025-11-11 18:11:00 [DEBUG]   Before: checkbox.isChecked() = True
2025-11-11 18:11:00 [DEBUG]   After set_checked(False): checkbox.isChecked() = False
2025-11-11 18:11:00 [DEBUG] Processing strip 2/2
2025-11-11 18:11:00 [DEBUG]   Before: checkbox.isChecked() = True
2025-11-11 18:11:00 [DEBUG]   After set_checked(False): checkbox.isChecked() = False
2025-11-11 18:11:00 [DEBUG] _on_select_all_changed completed
2025-11-11 18:11:01 [DEBUG] _on_select_all_changed called with state=0
2025-11-11 18:11:01 [DEBUG] Qt.Checked value = CheckState.Checked
2025-11-11 18:11:01 [DEBUG] State == Qt.Checked? False
2025-11-11 18:11:01 [DEBUG] checked=False
2025-11-11 18:11:01 [DEBUG] Number of image strips: 2
2025-11-11 18:11:01 [DEBUG] Processing strip 1/2
2025-11-11 18:11:01 [DEBUG]   Before: checkbox.isChecked() = False
2025-11-11 18:11:01 [DEBUG]   After set_checked(False): checkbox.isChecked() = False
2025-11-11 18:11:01 [DEBUG] Processing strip 2/2
2025-11-11 18:11:01 [DEBUG]   Before: checkbox.isChecked() = False
2025-11-11 18:11:01 [DEBUG]   After set_checked(False): checkbox.isChecked() = False
2025-11-11 18:11:01 [DEBUG] _on_select_all_changed completed
2025-11-11 18:12:19 [DEBUG] _on_select_all_changed called with state=2
2025-11-11 18:12:19 [DEBUG] Qt.Checked value = CheckState.Checked
2025-11-11 18:12:19 [DEBUG] State == Qt.Checked? False
2025-11-11 18:12:19 [DEBUG] checked=False
2025-11-11 18:12:19 [DEBUG] Number of image strips: 2
2025-11-11 18:12:19 [DEBUG] Processing strip 1/2
2025-11-11 18:12:19 [DEBUG]   Before: checkbox.isChecked() = False
2025-11-11 18:12:19 [DEBUG]   After set_checked(False): checkbox.isChecked() = False
2025-11-11 18:12:19 [DEBUG] Processing strip 2/2
2025-11-11 18:12:19 [DEBUG]   Before: checkbox.isChecked() = False
2025-11-11 18:12:19 [DEBUG]   After set_checked(False): checkbox.isChecked() = False
2025-11-11 18:12:19 [DEBUG] _on_select_all_changed completed
2025-11-11 18:12:19 [DEBUG] _on_select_all_changed called with state=0
2025-11-11 18:12:19 [DEBUG] Qt.Checked value = CheckState.Checked
2025-11-11 18:12:19 [DEBUG] State == Qt.Checked? False
2025-11-11 18:12:19 [DEBUG] checked=False
2025-11-11 18:12:19 [DEBUG] Number of image strips: 2
2025-11-11 18:12:19 [DEBUG] Processing strip 1/2
2025-11-11 18:12:19 [DEBUG]   Before: checkbox.isChecked() = False
2025-11-11 18:12:19 [DEBUG]   After set_checked(False): checkbox.isChecked() = False
2025-11-11 18:12:19 [DEBUG] Processing strip 2/2
2025-11-11 18:12:19 [DEBUG]   Before: checkbox.isChecked() = False
2025-11-11 18:12:19 [DEBUG]   After set_checked(False): checkbox.isChecked() = False
2025-11-11 18:12:19 [DEBUG] _on_select_all_changed completed
2025-11-11 18:12:24 [INFO] ================================================================================
2025-11-11 18:12:24 [INFO] PointAlign Debug Log - Session started at 2025-11-11 18:12:24.464685
2025-11-11 18:12:24 [INFO] ================================================================================
2025-11-11 18:12:24 [INFO] SYSTEM INFORMATION:
2025-11-11 18:12:24 [INFO]   OS: Windows 11 (10.0.26100)
2025-11-11 18:12:24 [INFO]   Platform: Windows-11-10.0.26100-SP0
2025-11-11 18:12:24 [INFO]   Architecture: AMD64
2025-11-11 18:12:24 [INFO]   Processor: Intel64 Family 6 Model 158 Stepping 10, GenuineIntel
2025-11-11 18:12:24 [INFO]   Python Version: 3.14.0 (tags/v3.14.0:ebf955d, Oct  7 2025, 10:15:03) [MSC v.1944 64 bit (AMD64)]
2025-11-11 18:12:24 [INFO]   Python Executable: C:\Python314\python.exe
2025-11-11 18:12:24 [INFO]   Running as: Python script
2025-11-11 18:12:24 [INFO]   Script directory: C:\Users\gehl2\Auto_align_program
2025-11-11 18:12:24 [INFO]   Working directory: C:\Users\gehl2\Auto_align_program
2025-11-11 18:12:24 [INFO] 
INSTALLED PACKAGES:
2025-11-11 18:12:24 [ERROR]   OpenCV (cv2): NOT FOUND - No module named 'cv2'
2025-11-11 18:12:24 [INFO]   Qt Backend: PyQt6
2025-11-11 18:12:24 [INFO]   PyQt6: 6.10.0
2025-11-11 18:12:24 [INFO]   NumPy: 2.3.4
2025-11-11 18:12:24 [INFO] 
REQUIRED FILES CHECK:
2025-11-11 18:12:24 [INFO]   ✓ Test_with_img.lys: Found at C:\Users\gehl2\Auto_align_program\Test_with_img.lys
2025-11-11 18:12:24 [INFO]   ✓ Test.GDS: Found at C:\Users\gehl2\Auto_align_program\Test.GDS
2025-11-11 18:12:24 [INFO]   ✓ icon.ico: Found at C:\Users\gehl2\Auto_align_program\icon.ico
2025-11-11 18:12:24 [INFO]   ✓ console_runner.py: Found at C:\Users\gehl2\Auto_align_program\console_runner.py
2025-11-11 18:12:24 [INFO] ================================================================================
2025-11-11 18:12:24 [INFO] Starting Point Align GUI...
2025-11-11 18:12:24 [INFO] Loaded 0 landmark presets
2025-11-11 18:12:25 [INFO] GUI initialized successfully
2025-11-11 18:12:32 [DEBUG] _on_select_all_changed called with state=2
2025-11-11 18:12:32 [DEBUG] Qt.Checked value = CheckState.Checked
2025-11-11 18:13:29 [INFO] ================================================================================
2025-11-11 18:13:29 [INFO] PointAlign Debug Log - Session started at 2025-11-11 18:13:29.150544
2025-11-11 18:13:29 [INFO] ================================================================================
2025-11-11 18:13:29 [INFO] SYSTEM INFORMATION:
2025-11-11 18:13:29 [INFO]   OS: Windows 11 (10.0.26100)
2025-11-11 18:13:29 [INFO]   Platform: Windows-11-10.0.26100-SP0
2025-11-11 18:13:29 [INFO]   Architecture: AMD64
2025-11-11 18:13:29 [INFO]   Processor: Intel64 Family 6 Model 158 Stepping 10, GenuineIntel
2025-11-11 18:13:29 [INFO]   Python Version: 3.14.0 (tags/v3.14.0:ebf955d, Oct  7 2025, 10:15:03) [MSC v.1944 64 bit (AMD64)]
2025-11-11 18:13:29 [INFO]   Python Executable: C:\Python314\python.exe
2025-11-11 18:13:29 [INFO]   Running as: Python script
2025-11-11 18:13:29 [INFO]   Script directory: C:\Users\gehl2\Auto_align_program
2025-11-11 18:13:29 [INFO]   Working directory: C:\Users\gehl2\Auto_align_program
2025-11-11 18:13:29 [INFO] 
INSTALLED PACKAGES:
2025-11-11 18:13:29 [ERROR]   OpenCV (cv2): NOT FOUND - No module named 'cv2'
2025-11-11 18:13:29 [INFO]   Qt Backend: PyQt6
2025-11-11 18:13:29 [INFO]   PyQt6: 6.10.0
2025-11-11 18:13:29 [INFO]   NumPy: 2.3.4
2025-11-11 18:13:29 [INFO] 
REQUIRED FILES CHECK:
2025-11-11 18:13:29 [INFO]   ✓ Test_with_img.lys: Found at C:\Users\gehl2\Auto_align_program\Test_with_img.lys
2025-11-11 18:13:29 [INFO]   ✓ Test.GDS: Found at C:\Users\gehl2\Auto_align_program\Test.GDS
2025-11-11 18:13:29 [INFO]   ✓ icon.ico: Found at C:\Users\gehl2\Auto_align_program\icon.ico
2025-11-11 18:13:29 [INFO]   ✓ console_runner.py: Found at C:\Users\gehl2\Auto_align_program\console_runner.py
2025-11-11 18:13:29 [INFO] ================================================================================
2025-11-11 18:13:29 [INFO] Starting Point Align GUI...
2025-11-11 18:13:29 [INFO] Loaded 0 landmark presets
2025-11-11 18:13:30 [INFO] GUI initialized successfully
2025-11-11 18:13:35 [DEBUG] _on_select_all_changed called with state=2
2025-11-11 18:13:35 [DEBUG] Qt.Checked value = CheckState.Checked
2025-11-11 18:13:35 [DEBUG] checked=True (comparing 2 == 2)
2025-11-11 18:13:35 [DEBUG] Number of image strips: 2
2025-11-11 18:13:35 [DEBUG] Processing strip 1/2
2025-11-11 18:13:35 [DEBUG]   Before: checkbox.isChecked() = False
2025-11-11 18:13:35 [DEBUG]   After set_checked(True): checkbox.isChecked() = True
2025-11-11 18:13:35 [DEBUG] Processing strip 2/2
2025-11-11 18:13:35 [DEBUG]   Before: checkbox.isChecked() = False
2025-11-11 18:13:35 [DEBUG]   After set_checked(True): checkbox.isChecked() = True
2025-11-11 18:13:35 [DEBUG] _on_select_all_changed completed
2025-11-11 18:13:40 [INFO] Building command line arguments...
2025-11-11 18:13:40 [INFO] Command arguments: ['--files', 'C:/Users/gehl2/Downloads/IMG_2025_08_21_51204.JPG', 'C:/Users/gehl2/Downloads/IMG_2025_07_25_48938.JPG', '--lys-in', 'C:\\Users\\gehl2\\Auto_align_program\\Test_with_img.lys', '--after', '(-50,60),(70,60),(-50,-60),(70,-60)', '--affine', '--combined-out', 'C:\\Users\\gehl2\\Desktop\\Aligned-2025-11-11-5.lys', '--auto-review', '--gds-file', 'C:\\Users\\gehl2\\Auto_align_program\\Test.GDS']
2025-11-11 18:13:40 [INFO] Emitting run request signal...
2025-11-11 18:13:40 [INFO] Run log file: C:\Users\gehl2\AppData\Local\Temp\PointAlign_run_20251111_181340.log
2025-11-11 18:13:40 [DEBUG] Using Python command: ['py', '-3']
2025-11-11 18:13:40 [INFO] Starting subprocess:
2025-11-11 18:13:40 [INFO]   Command: py -3 -u C:\Users\gehl2\Auto_align_program\point_align_batch_runner_gui.py --files C:/Users/gehl2/Downloads/IMG_2025_08_21_51204.JPG C:/Users/gehl2/Downloads/IMG_2025_07_25_48938.JPG --lys-in C:\Users\gehl2\Auto_align_program\Test_with_img.lys --after (-50,60),(70,60),(-50,-60),(70,-60) --affine --combined-out C:\Users\gehl2\Desktop\Aligned-2025-11-11-5.lys --auto-review --gds-file C:\Users\gehl2\Auto_align_program\Test.GDS
2025-11-11 18:13:40 [DEBUG] Starting subprocess with creationflags=134217728
2025-11-11 18:13:52 [DEBUG]   [STDOUT] [OK] IMG_2025_08_21_51204.JPG → C:\Users\gehl2\Desktop\Aligned-2025-11-11-5.lys (RMS=0.150 µm)
2025-11-11 18:14:06 [DEBUG]   [STDOUT] [OK] IMG_2025_07_25_48938.JPG → C:\Users\gehl2\Desktop\Aligned-2025-11-11-5.lys (RMS=0.089 µm)
2025-11-11 18:14:06 [DEBUG]   [STDOUT] Done. Appended 2/2 images into: C:\Users\gehl2\Desktop\Aligned-2025-11-11-5.lys
2025-11-11 18:14:06 [INFO] Process completed with exit code: 0
2025-11-11 18:16:43 [INFO] ================================================================================
2025-11-11 18:16:43 [INFO] PointAlign Debug Log - Session started at 2025-11-11 18:16:43.104351
2025-11-11 18:16:43 [INFO] ================================================================================
2025-11-11 18:16:43 [INFO] SYSTEM INFORMATION:
2025-11-11 18:16:43 [INFO]   OS: Windows 11 (10.0.26100)
2025-11-11 18:16:43 [INFO]   Platform: Windows-11-10.0.26100-SP0
2025-11-11 18:16:43 [INFO]   Architecture: AMD64
2025-11-11 18:16:43 [INFO]   Processor: Intel64 Family 6 Model 158 Stepping 10, GenuineIntel
2025-11-11 18:16:43 [INFO]   Python Version: 3.14.0 (tags/v3.14.0:ebf955d, Oct  7 2025, 10:15:03) [MSC v.1944 64 bit (AMD64)]
2025-11-11 18:16:43 [INFO]   Python Executable: C:\Python314\python.exe
2025-11-11 18:16:43 [INFO]   Running as: Python script
2025-11-11 18:16:43 [INFO]   Script directory: C:\Users\gehl2\Auto_align_program
2025-11-11 18:16:43 [INFO]   Working directory: C:\Users\gehl2\Auto_align_program
2025-11-11 18:16:43 [INFO] 
INSTALLED PACKAGES:
2025-11-11 18:16:43 [ERROR]   OpenCV (cv2): NOT FOUND - No module named 'cv2'
2025-11-11 18:16:43 [INFO]   Qt Backend: PyQt6
2025-11-11 18:16:43 [INFO]   PyQt6: 6.10.0
2025-11-11 18:16:43 [INFO]   NumPy: 2.3.4
2025-11-11 18:16:43 [INFO] 
REQUIRED FILES CHECK:
2025-11-11 18:16:43 [INFO]   ✓ Test_with_img.lys: Found at C:\Users\gehl2\Auto_align_program\Test_with_img.lys
2025-11-11 18:16:43 [INFO]   ✓ Test.GDS: Found at C:\Users\gehl2\Auto_align_program\Test.GDS
2025-11-11 18:16:43 [INFO]   ✓ icon.ico: Found at C:\Users\gehl2\Auto_align_program\icon.ico
2025-11-11 18:16:43 [INFO]   ✓ console_runner.py: Found at C:\Users\gehl2\Auto_align_program\console_runner.py
2025-11-11 18:16:43 [INFO] ================================================================================
2025-11-11 18:16:43 [INFO] Starting Point Align GUI...
2025-11-11 18:16:43 [INFO] Loaded 0 landmark presets
2025-11-11 18:16:43 [INFO] GUI initialized successfully
2025-11-11 18:17:00 [DEBUG] _on_select_all_changed called with state=2
2025-11-11 18:17:00 [DEBUG] Qt.Checked value = CheckState.Checked
2025-11-11 18:17:00 [DEBUG] checked=True (comparing 2 == 2)
2025-11-11 18:17:00 [DEBUG] Number of image strips: 2
2025-11-11 18:17:00 [DEBUG] Processing strip 1/2
2025-11-11 18:17:00 [DEBUG]   Before: checkbox.isChecked() = False
2025-11-11 18:17:00 [DEBUG]   After set_checked(True): checkbox.isChecked() = True
2025-11-11 18:17:00 [DEBUG] Processing strip 2/2
2025-11-11 18:17:00 [DEBUG]   Before: checkbox.isChecked() = False
2025-11-11 18:17:00 [DEBUG]   After set_checked(True): checkbox.isChecked() = True
2025-11-11 18:17:00 [DEBUG] _on_select_all_changed completed
2025-11-11 18:17:02 [INFO] Building command line arguments...
2025-11-11 18:17:02 [INFO] Command arguments: ['--files', 'C:/Users/gehl2/Downloads/IMG_2025_08_21_51204.JPG', 'C:/Users/gehl2/Downloads/IMG_2025_07_25_48938.JPG', '--lys-in', 'C:\\Users\\gehl2\\Auto_align_program\\Test_with_img.lys', '--after', '(-50,60),(70,60),(-50,-60),(70,-60)', '--affine', '--combined-out', 'C:\\Users\\gehl2\\Desktop\\Aligned-2025-11-11-6.lys', '--auto-review', '--gds-file', 'C:\\Users\\gehl2\\Auto_align_program\\Test.GDS']
2025-11-11 18:17:02 [INFO] Emitting run request signal...
2025-11-11 18:17:02 [INFO] Run log file: C:\Users\gehl2\AppData\Local\Temp\PointAlign_run_20251111_181702.log
2025-11-11 18:17:02 [DEBUG] Using Python command: ['py', '-3']
2025-11-11 18:17:02 [INFO] Starting subprocess:
2025-11-11 18:17:02 [INFO]   Command: py -3 -u C:\Users\gehl2\Auto_align_program\point_align_batch_runner_gui.py --files C:/Users/gehl2/Downloads/IMG_2025_08_21_51204.JPG C:/Users/gehl2/Downloads/IMG_2025_07_25_48938.JPG --lys-in C:\Users\gehl2\Auto_align_program\Test_with_img.lys --after (-50,60),(70,60),(-50,-60),(70,-60) --affine --combined-out C:\Users\gehl2\Desktop\Aligned-2025-11-11-6.lys --auto-review --gds-file C:\Users\gehl2\Auto_align_program\Test.GDS
2025-11-11 18:17:02 [DEBUG] Starting subprocess with creationflags=134217728
2025-11-11 18:17:06 [DEBUG]   [STDOUT] [OK] IMG_2025_08_21_51204.JPG → C:\Users\gehl2\Desktop\Aligned-2025-11-11-6.lys (RMS=13.403 µm)
2025-11-11 18:17:08 [DEBUG]   [STDOUT] [OK] IMG_2025_07_25_48938.JPG → C:\Users\gehl2\Desktop\Aligned-2025-11-11-6.lys (RMS=12.928 µm)
2025-11-11 18:17:08 [DEBUG]   [STDOUT] Done. Appended 2/2 images into: C:\Users\gehl2\Desktop\Aligned-2025-11-11-6.lys
2025-11-11 18:17:08 [INFO] Process completed with exit code: 0
2025-11-11 18:17:23 [INFO] Building command line arguments...
2025-11-11 18:17:23 [INFO] Command arguments: ['--files', 'C:/Users/gehl2/Downloads/IMG_2025_08_21_51204.JPG', 'C:/Users/gehl2/Downloads/IMG_2025_07_25_48938.JPG', '--lys-in', 'C:\\Users\\gehl2\\Auto_align_program\\Test_with_img.lys', '--after', '(-50,60),(70,60),(-50,-60),(70,-60)', '--affine', '--combined-out', 'C:\\Users\\gehl2\\Desktop\\Aligned-2025-11-11-7.lys', '--auto-review', '--gds-file', 'C:\\Users\\gehl2\\Auto_align_program\\Test.GDS']
2025-11-11 18:17:23 [INFO] Emitting run request signal...
2025-11-11 18:17:23 [INFO] Run log file: C:\Users\gehl2\AppData\Local\Temp\PointAlign_run_20251111_181723.log
2025-11-11 18:17:23 [DEBUG] Using Python command: ['py', '-3']
2025-11-11 18:17:23 [INFO] Starting subprocess:
2025-11-11 18:17:23 [INFO]   Command: py -3 -u C:\Users\gehl2\Auto_align_program\point_align_batch_runner_gui.py --files C:/Users/gehl2/Downloads/IMG_2025_08_21_51204.JPG C:/Users/gehl2/Downloads/IMG_2025_07_25_48938.JPG --lys-in C:\Users\gehl2\Auto_align_program\Test_with_img.lys --after (-50,60),(70,60),(-50,-60),(70,-60) --affine --combined-out C:\Users\gehl2\Desktop\Aligned-2025-11-11-7.lys --auto-review --gds-file C:\Users\gehl2\Auto_align_program\Test.GDS
2025-11-11 18:17:23 [DEBUG] Starting subprocess with creationflags=134217728
2025-11-11 18:17:27 [DEBUG]   [STDOUT] [OK] IMG_2025_08_21_51204.JPG → C:\Users\gehl2\Desktop\Aligned-2025-11-11-7.lys (RMS=22.286 µm)
2025-11-11 18:17:29 [DEBUG]   [STDOUT] [OK] IMG_2025_07_25_48938.JPG → C:\Users\gehl2\Desktop\Aligned-2025-11-11-7.lys (RMS=12.316 µm)
2025-11-11 18:17:29 [DEBUG]   [STDOUT] Done. Appended 2/2 images into: C:\Users\gehl2\Desktop\Aligned-2025-11-11-7.lys
2025-11-11 18:17:29 [INFO] Process completed with exit code: 0
2025-11-11 19:18:02 [INFO] ================================================================================
2025-11-11 19:18:02 [INFO] PointAlign Debug Log - Session started at 2025-11-11 19:18:02.743018
2025-11-11 19:18:02 [INFO] ================================================================================
2025-11-11 19:18:02 [INFO] SYSTEM INFORMATION:
2025-11-11 19:18:02 [INFO]   OS: Windows 11 (10.0.26100)
2025-11-11 19:18:02 [INFO]   Platform: Windows-11-10.0.26100-SP0
2025-11-11 19:18:02 [INFO]   Architecture: AMD64
2025-11-11 19:18:02 [INFO]   Processor: Intel64 Family 6 Model 158 Stepping 10, GenuineIntel
2025-11-11 19:18:02 [INFO]   Python Version: 3.13.7 (tags/v3.13.7:bcee1c3, Aug 14 2025, 14:15:11) [MSC v.1944 64 bit (AMD64)]
2025-11-11 19:18:02 [INFO]   Python Executable: C:\Users\gehl2\AppData\Local\Programs\Python\Python313\python.exe
2025-11-11 19:18:02 [INFO]   Running as: Python script
2025-11-11 19:18:02 [INFO]   Script directory: C:\Users\gehl2\Auto_align_program
2025-11-11 19:18:02 [INFO]   Working directory: C:\Users\gehl2\Auto_align_program
2025-11-11 19:18:02 [INFO] 
INSTALLED PACKAGES:
2025-11-11 19:18:03 [INFO]   OpenCV (cv2): 4.12.0
2025-11-11 19:18:03 [INFO]   Qt Backend: PySide6
2025-11-11 19:18:03 [INFO]   PySide6: 6.9.3
2025-11-11 19:18:03 [INFO]   NumPy: 2.2.6
2025-11-11 19:18:03 [INFO] 
REQUIRED FILES CHECK:
2025-11-11 19:18:03 [INFO]   ✓ Test_with_img.lys: Found at C:\Users\gehl2\Auto_align_program\Test_with_img.lys
2025-11-11 19:18:03 [INFO]   ✓ Test.GDS: Found at C:\Users\gehl2\Auto_align_program\Test.GDS
2025-11-11 19:18:03 [INFO]   ✓ icon.ico: Found at C:\Users\gehl2\Auto_align_program\icon.ico
2025-11-11 19:18:03 [INFO]   ✓ console_runner.py: Found at C:\Users\gehl2\Auto_align_program\console_runner.py
2025-11-11 19:18:03 [INFO] ================================================================================
2025-11-11 19:18:03 [INFO] Starting Point Align GUI...
2025-11-11 19:18:03 [INFO] GUI initialized successfully
2025-11-11 19:19:12 [INFO] ================================================================================
2025-11-11 19:19:12 [INFO] PointAlign Debug Log - Session started at 2025-11-11 19:19:12.483789
2025-11-11 19:19:12 [INFO] ================================================================================
2025-11-11 19:19:12 [INFO] SYSTEM INFORMATION:
2025-11-11 19:19:12 [INFO]   OS: Windows 11 (10.0.26100)
2025-11-11 19:19:12 [INFO]   Platform: Windows-11-10.0.26100-SP0
2025-11-11 19:19:12 [INFO]   Architecture: AMD64
2025-11-11 19:19:12 [INFO]   Processor: Intel64 Family 6 Model 158 Stepping 10, GenuineIntel
2025-11-11 19:19:12 [INFO]   Python Version: 3.13.7 (tags/v3.13.7:bcee1c3, Aug 14 2025, 14:15:11) [MSC v.1944 64 bit (AMD64)]
2025-11-11 19:19:12 [INFO]   Python Executable: C:\Users\gehl2\AppData\Local\Programs\Python\Python313\python.exe
2025-11-11 19:19:12 [INFO]   Running as: Python script
2025-11-11 19:19:12 [INFO]   Script directory: C:\Users\gehl2\Auto_align_program
2025-11-11 19:19:12 [INFO]   Working directory: C:\Users\gehl2\Auto_align_program
2025-11-11 19:19:12 [INFO] 
INSTALLED PACKAGES:
2025-11-11 19:19:12 [INFO]   OpenCV (cv2): 4.12.0
2025-11-11 19:19:12 [INFO]   Qt Backend: PySide6
2025-11-11 19:19:12 [INFO]   PySide6: 6.9.3
2025-11-11 19:19:12 [INFO]   NumPy: 2.2.6
2025-11-11 19:19:12 [INFO] 
REQUIRED FILES CHECK:
2025-11-11 19:19:12 [INFO]   ✓ Test_with_img.lys: Found at C:\Users\gehl2\Auto_align_program\Test_with_img.lys
2025-11-11 19:19:12 [INFO]   ✓ Test.GDS: Found at C:\Users\gehl2\Auto_align_program\Test.GDS
2025-11-11 19:19:12 [INFO]   ✓ icon.ico: Found at C:\Users\gehl2\Auto_align_program\icon.ico
2025-11-11 19:19:12 [INFO]   ✓ console_runner.py: Found at C:\Users\gehl2\Auto_align_program\console_runner.py
2025-11-11 19:19:12 [INFO] ================================================================================
2025-11-11 19:19:12 [INFO] Starting Point Align GUI...
2025-11-11 19:19:13 [INFO] GUI initialized successfully
2025-11-11 19:21:27 [INFO] ================================================================================
2025-11-11 19:21:27 [INFO] PointAlign Debug Log - Session started at 2025-11-11 19:21:27.294596
2025-11-11 19:21:27 [INFO] ================================================================================
2025-11-11 19:21:27 [INFO] SYSTEM INFORMATION:
2025-11-11 19:21:27 [INFO]   OS: Windows 11 (10.0.26100)
2025-11-11 19:21:27 [INFO]   Platform: Windows-11-10.0.26100-SP0
2025-11-11 19:21:27 [INFO]   Architecture: AMD64
2025-11-11 19:21:27 [INFO]   Processor: Intel64 Family 6 Model 158 Stepping 10, GenuineIntel
2025-11-11 19:21:27 [INFO]   Python Version: 3.13.7 (tags/v3.13.7:bcee1c3, Aug 14 2025, 14:15:11) [MSC v.1944 64 bit (AMD64)]
2025-11-11 19:21:27 [INFO]   Python Executable: C:\Users\gehl2\AppData\Local\Programs\Python\Python313\python.exe
2025-11-11 19:21:27 [INFO]   Running as: Python script
2025-11-11 19:21:27 [INFO]   Script directory: C:\Users\gehl2\Auto_align_program
2025-11-11 19:21:27 [INFO]   Working directory: C:\Users\gehl2\Auto_align_program
2025-11-11 19:21:27 [INFO] 
INSTALLED PACKAGES:
2025-11-11 19:21:27 [INFO]   OpenCV (cv2): 4.12.0
2025-11-11 19:21:27 [INFO]   Qt Backend: PySide6
2025-11-11 19:21:27 [INFO]   PySide6: 6.9.3
2025-11-11 19:21:27 [INFO]   NumPy: 2.2.6
2025-11-11 19:21:27 [INFO] 
REQUIRED FILES CHECK:
2025-11-11 19:21:27 [INFO]   ✓ Test_with_img.lys: Found at C:\Users\gehl2\Auto_align_program\Test_with_img.lys
2025-11-11 19:21:27 [INFO]   ✓ Test.GDS: Found at C:\Users\gehl2\Auto_align_program\Test.GDS
2025-11-11 19:21:27 [INFO]   ✓ icon.ico: Found at C:\Users\gehl2\Auto_align_program\icon.ico
2025-11-11 19:21:27 [INFO]   ✓ console_runner.py: Found at C:\Users\gehl2\Auto_align_program\console_runner.py
2025-11-11 19:21:27 [INFO] ================================================================================
2025-11-11 19:21:27 [INFO] Starting Point Align GUI...
2025-11-11 19:21:28 [INFO] GUI initialized successfully
2025-11-11 19:21:50 [DEBUG] _on_select_all_changed called with state=2
2025-11-11 19:21:50 [DEBUG] Qt.Checked value = CheckState.Checked
2025-11-11 19:21:50 [DEBUG] checked=True (comparing 2 == 2)
2025-11-11 19:21:50 [DEBUG] Number of image strips: 2
2025-11-11 19:21:50 [DEBUG] Processing strip 1/2
2025-11-11 19:21:50 [DEBUG]   Before: checkbox.isChecked() = False
2025-11-11 19:21:50 [DEBUG]   After set_checked(True): checkbox.isChecked() = True
2025-11-11 19:21:50 [DEBUG] Processing strip 2/2
2025-11-11 19:21:50 [DEBUG]   Before: checkbox.isChecked() = False
2025-11-11 19:21:50 [DEBUG]   After set_checked(True): checkbox.isChecked() = True
2025-11-11 19:21:50 [DEBUG] _on_select_all_changed completed
2025-11-11 19:21:52 [INFO] Batch run requested for 2 selected images
2025-11-11 19:22:00 [INFO] Single align: C:/Users/gehl2/Downloads/IMG_2025_08_21_51204.JPG, preset=[Default], output=auto
2025-11-11 19:22:00 [INFO] Emitting single run request
2025-11-11 19:22:00 [INFO] Run log file: C:\Users\gehl2\AppData\Local\Temp\PointAlign_run_20251111_192200.log
2025-11-11 19:22:00 [DEBUG] Using Python command: ['py', '-3']
2025-11-11 19:22:00 [INFO] Starting subprocess:
2025-11-11 19:22:00 [INFO]   Command: py -3 -u C:\Users\gehl2\Auto_align_program\point_align_batch_runner_gui.py --files C:/Users/gehl2/Downloads/IMG_2025_08_21_51204.JPG --lys-in C:\Users\gehl2\Auto_align_program\Test_with_img.lys --after (-50,60),(70,60),(-50,-60),(70,-60) --affine --combined-out C:\Users\gehl2\Desktop\IMG_2025_08_21_51204-aligned.lys --auto-review --gds-file C:\Users\gehl2\Auto_align_program\Test.GDS
2025-11-11 19:22:00 [DEBUG] Starting subprocess with creationflags=134217728
2025-11-11 19:22:01 [DEBUG]   [STDOUT] [FAIL] C:\Users\gehl2\Downloads\IMG_2025_08_21_51204.JPG: type object 'Qt' has no attribute 'ApplicationModal'
2025-11-11 19:22:01 [DEBUG]   [STDOUT] Done. Appended 0/1 images into: C:\Users\gehl2\Desktop\IMG_2025_08_21_51204-aligned.lys
2025-11-11 19:22:01 [INFO] Process completed with exit code: 1
2025-11-11 19:23:15 [INFO] ================================================================================
2025-11-11 19:23:15 [INFO] PointAlign Debug Log - Session started at 2025-11-11 19:23:15.690128
2025-11-11 19:23:15 [INFO] ================================================================================
2025-11-11 19:23:15 [INFO] SYSTEM INFORMATION:
2025-11-11 19:23:15 [INFO]   OS: Windows 11 (10.0.26100)
2025-11-11 19:23:15 [INFO]   Platform: Windows-11-10.0.26100-SP0
2025-11-11 19:23:15 [INFO]   Architecture: AMD64
2025-11-11 19:23:15 [INFO]   Processor: Intel64 Family 6 Model 158 Stepping 10, GenuineIntel
2025-11-11 19:23:15 [INFO]   Python Version: 3.13.7 (tags/v3.13.7:bcee1c3, Aug 14 2025, 14:15:11) [MSC v.1944 64 bit (AMD64)]
2025-11-11 19:23:15 [INFO]   Python Executable: C:\Users\gehl2\AppData\Local\Programs\Python\Python313\python.exe
2025-11-11 19:23:15 [INFO]   Running as: Python script
2025-11-11 19:23:15 [INFO]   Script directory: C:\Users\gehl2\Auto_align_program
2025-11-11 19:23:15 [INFO]   Working directory: C:\Users\gehl2\Auto_align_program
2025-11-11 19:23:15 [INFO] 
INSTALLED PACKAGES:
2025-11-11 19:23:16 [INFO]   OpenCV (cv2): 4.12.0
2025-11-11 19:23:16 [INFO]   Qt Backend: PySide6
2025-11-11 19:23:16 [INFO]   PySide6: 6.9.3
2025-11-11 19:23:16 [INFO]   NumPy: 2.2.6
2025-11-11 19:23:16 [INFO] 
REQUIRED FILES CHECK:
2025-11-11 19:23:16 [INFO]   ✓ Test_with_img.lys: Found at C:\Users\gehl2\Auto_align_program\Test_with_img.lys
2025-11-11 19:23:16 [INFO]   ✓ Test.GDS: Found at C:\Users\gehl2\Auto_align_program\Test.GDS
2025-11-11 19:23:16 [INFO]   ✓ icon.ico: Found at C:\Users\gehl2\Auto_align_program\icon.ico
2025-11-11 19:23:16 [INFO]   ✓ console_runner.py: Found at C:\Users\gehl2\Auto_align_program\console_runner.py
2025-11-11 19:23:16 [INFO] ================================================================================
2025-11-11 19:23:16 [INFO] Starting Point Align GUI...
2025-11-11 19:23:16 [INFO] GUI initialized successfully
2025-11-11 19:23:40 [INFO] Single align: C:/Users/gehl2/Downloads/IMG_2025_08_21_51204.JPG, preset=[Default], output=auto
2025-11-11 19:23:40 [INFO] Emitting single run request
2025-11-11 19:23:40 [INFO] Run log file: C:\Users\gehl2\AppData\Local\Temp\PointAlign_run_20251111_192340.log
2025-11-11 19:23:40 [DEBUG] Using Python command: ['py', '-3']
2025-11-11 19:23:40 [INFO] Starting subprocess:
2025-11-11 19:23:40 [INFO]   Command: py -3 -u C:\Users\gehl2\Auto_align_program\point_align_batch_runner_gui.py --files C:/Users/gehl2/Downloads/IMG_2025_08_21_51204.JPG --lys-in C:\Users\gehl2\Auto_align_program\Test_with_img.lys --after (-50,60),(70,60),(-50,-60),(70,-60) --affine --combined-out C:\Users\gehl2\Desktop\IMG_2025_08_21_51204-aligned.lys --auto-review --gds-file C:\Users\gehl2\Auto_align_program\Test.GDS
2025-11-11 19:23:40 [DEBUG] Starting subprocess with creationflags=134217728
2025-11-11 19:25:42 [INFO] Process completed with exit code: 1
2025-11-11 19:25:49 [INFO] ================================================================================
2025-11-11 19:25:49 [INFO] PointAlign Debug Log - Session started at 2025-11-11 19:25:49.725413
2025-11-11 19:25:49 [INFO] ================================================================================
2025-11-11 19:25:49 [INFO] SYSTEM INFORMATION:
2025-11-11 19:25:49 [INFO]   OS: Windows 11 (10.0.26100)
2025-11-11 19:25:49 [INFO]   Platform: Windows-11-10.0.26100-SP0
2025-11-11 19:25:49 [INFO]   Architecture: AMD64
2025-11-11 19:25:49 [INFO]   Processor: Intel64 Family 6 Model 158 Stepping 10, GenuineIntel
2025-11-11 19:25:49 [INFO]   Python Version: 3.13.7 (tags/v3.13.7:bcee1c3, Aug 14 2025, 14:15:11) [MSC v.1944 64 bit (AMD64)]
2025-11-11 19:25:49 [INFO]   Python Executable: C:\Users\gehl2\AppData\Local\Programs\Python\Python313\python.exe
2025-11-11 19:25:49 [INFO]   Running as: Python script
2025-11-11 19:25:49 [INFO]   Script directory: C:\Users\gehl2\Auto_align_program
2025-11-11 19:25:49 [INFO]   Working directory: C:\Users\gehl2\Auto_align_program
2025-11-11 19:25:49 [INFO] 
INSTALLED PACKAGES:
2025-11-11 19:25:50 [INFO]   OpenCV (cv2): 4.12.0
2025-11-11 19:25:50 [INFO]   Qt Backend: PySide6
2025-11-11 19:25:50 [INFO]   PySide6: 6.9.3
2025-11-11 19:25:50 [INFO]   NumPy: 2.2.6
2025-11-11 19:25:50 [INFO] 
REQUIRED FILES CHECK:
2025-11-11 19:25:50 [INFO]   ✓ Test_with_img.lys: Found at C:\Users\gehl2\Auto_align_program\Test_with_img.lys
2025-11-11 19:25:50 [INFO]   ✓ Test.GDS: Found at C:\Users\gehl2\Auto_align_program\Test.GDS
2025-11-11 19:25:50 [INFO]   ✓ icon.ico: Found at C:\Users\gehl2\Auto_align_program\icon.ico
2025-11-11 19:25:50 [INFO]   ✓ console_runner.py: Found at C:\Users\gehl2\Auto_align_program\console_runner.py
2025-11-11 19:25:50 [INFO] ================================================================================
2025-11-11 19:25:50 [INFO] Starting Point Align GUI...
2025-11-11 19:25:50 [INFO] GUI initialized successfully
2025-11-11 19:26:14 [DEBUG] _on_select_all_changed called with state=2
2025-11-11 19:26:14 [DEBUG] Qt.Checked value = CheckState.Checked
2025-11-11 19:26:14 [DEBUG] checked=True (comparing 2 == 2)
2025-11-11 19:26:14 [DEBUG] Number of image strips: 2
2025-11-11 19:26:14 [DEBUG] Processing strip 1/2
2025-11-11 19:26:14 [DEBUG]   Before: checkbox.isChecked() = True
2025-11-11 19:26:14 [DEBUG]   After set_checked(True): checkbox.isChecked() = True
2025-11-11 19:26:14 [DEBUG] Processing strip 2/2
2025-11-11 19:26:14 [DEBUG]   Before: checkbox.isChecked() = False
2025-11-11 19:26:14 [DEBUG]   After set_checked(True): checkbox.isChecked() = True
2025-11-11 19:26:14 [DEBUG] _on_select_all_changed completed
2025-11-11 19:26:15 [INFO] Batch run requested for 2 selected images
2025-11-11 19:26:19 [DEBUG] _on_select_all_changed called with state=0
2025-11-11 19:26:19 [DEBUG] Qt.Checked value = CheckState.Checked
2025-11-11 19:26:19 [DEBUG] checked=False (comparing 0 == 2)
2025-11-11 19:26:19 [DEBUG] Number of image strips: 2
2025-11-11 19:26:19 [DEBUG] Processing strip 1/2
2025-11-11 19:26:19 [DEBUG]   Before: checkbox.isChecked() = False
2025-11-11 19:26:19 [DEBUG]   After set_checked(False): checkbox.isChecked() = False
2025-11-11 19:26:19 [DEBUG] Processing strip 2/2
2025-11-11 19:26:19 [DEBUG]   Before: checkbox.isChecked() = True
2025-11-11 19:26:19 [DEBUG]   After set_checked(False): checkbox.isChecked() = False
2025-11-11 19:26:19 [DEBUG] _on_select_all_changed completed
2025-11-11 19:27:07 [DEBUG] _on_select_all_changed called with state=2
2025-11-11 19:27:07 [DEBUG] Qt.Checked value = CheckState.Checked
2025-11-11 19:27:07 [DEBUG] checked=True (comparing 2 == 2)
2025-11-11 19:27:07 [DEBUG] Number of image strips: 2
2025-11-11 19:27:07 [DEBUG] Processing strip 1/2
2025-11-11 19:27:07 [DEBUG]   Before: checkbox.isChecked() = False
2025-11-11 19:27:07 [DEBUG]   After set_checked(True): checkbox.isChecked() = True
2025-11-11 19:27:07 [DEBUG] Processing strip 2/2
2025-11-11 19:27:07 [DEBUG]   Before: checkbox.isChecked() = False
2025-11-11 19:27:07 [DEBUG]   After set_checked(True): checkbox.isChecked() = True
2025-11-11 19:27:07 [DEBUG] _on_select_all_changed completed
2025-11-11 19:27:08 [INFO] Batch run requested for 2 selected images
2025-11-11 19:27:12 [INFO] Emitting batch run request for 2 images
2025-11-11 19:27:12 [INFO] Run log file: C:\Users\gehl2\AppData\Local\Temp\PointAlign_run_20251111_192712.log
2025-11-11 19:27:12 [DEBUG] Using Python command: ['py', '-3']
2025-11-11 19:27:12 [INFO] Starting subprocess:
2025-11-11 19:27:12 [INFO]   Command: py -3 -u C:\Users\gehl2\Auto_align_program\point_align_batch_runner_gui.py --files C:/Users/gehl2/Downloads/IMG_2025_08_21_51204.JPG C:/Users/gehl2/Downloads/IMG_2025_07_25_48938.JPG --lys-in C:\Users\gehl2\Auto_align_program\Test_with_img.lys --after (-50,60),(70,60),(-50,-60),(70,-60) --affine --combined-out C:/Users/gehl2/Desktop/Aligned-2025-11-11.lys --auto-review --gds-file C:\Users\gehl2\Auto_align_program\Test.GDS
2025-11-11 19:27:12 [DEBUG] Starting subprocess with creationflags=134217728
2025-11-11 19:27:23 [DEBUG]   [STDOUT] [OK] IMG_2025_08_21_51204.JPG → C:\Users\gehl2\Desktop\Aligned-2025-11-11.lys (RMS=0.064 µm)
2025-11-11 19:27:33 [DEBUG]   [STDOUT] [OK] IMG_2025_07_25_48938.JPG → C:\Users\gehl2\Desktop\Aligned-2025-11-11.lys (RMS=0.223 µm)
2025-11-11 19:27:33 [DEBUG]   [STDOUT] Done. Appended 2/2 images into: C:\Users\gehl2\Desktop\Aligned-2025-11-11.lys
2025-11-11 19:27:33 [INFO] Process completed with exit code: 0
2025-11-11 19:29:49 [INFO] ================================================================================
2025-11-11 19:29:49 [INFO] PointAlign Debug Log - Session started at 2025-11-11 19:29:49.398294
2025-11-11 19:29:49 [INFO] ================================================================================
2025-11-11 19:29:49 [INFO] SYSTEM INFORMATION:
2025-11-11 19:29:49 [INFO]   OS: Windows 11 (10.0.26100)
2025-11-11 19:29:49 [INFO]   Platform: Windows-11-10.0.26100-SP0
2025-11-11 19:29:49 [INFO]   Architecture: AMD64
2025-11-11 19:29:49 [INFO]   Processor: Intel64 Family 6 Model 158 Stepping 10, GenuineIntel
2025-11-11 19:29:49 [INFO]   Python Version: 3.13.7 (tags/v3.13.7:bcee1c3, Aug 14 2025, 14:15:11) [MSC v.1944 64 bit (AMD64)]
2025-11-11 19:29:49 [INFO]   Python Executable: C:\Users\gehl2\AppData\Local\Programs\Python\Python313\python.exe
2025-11-11 19:29:49 [INFO]   Running as: Python script
2025-11-11 19:29:49 [INFO]   Script directory: C:\Users\gehl2\Auto_align_program
2025-11-11 19:29:49 [INFO]   Working directory: C:\Users\gehl2\Auto_align_program
2025-11-11 19:29:49 [INFO] 
INSTALLED PACKAGES:
2025-11-11 19:29:49 [INFO]   OpenCV (cv2): 4.12.0
2025-11-11 19:29:49 [INFO]   Qt Backend: PySide6
2025-11-11 19:29:49 [INFO]   PySide6: 6.9.3
2025-11-11 19:29:49 [INFO]   NumPy: 2.2.6
2025-11-11 19:29:49 [INFO] 
REQUIRED FILES CHECK:
2025-11-11 19:29:49 [INFO]   ✓ Test_with_img.lys: Found at C:\Users\gehl2\Auto_align_program\Test_with_img.lys
2025-11-11 19:29:49 [INFO]   ✓ Test.GDS: Found at C:\Users\gehl2\Auto_align_program\Test.GDS
2025-11-11 19:29:49 [INFO]   ✓ icon.ico: Found at C:\Users\gehl2\Auto_align_program\icon.ico
2025-11-11 19:29:49 [INFO]   ✓ console_runner.py: Found at C:\Users\gehl2\Auto_align_program\console_runner.py
2025-11-11 19:29:49 [INFO] ================================================================================
2025-11-11 19:29:49 [INFO] Starting Point Align GUI...
2025-11-11 19:29:50 [INFO] GUI initialized successfully
2025-11-11 19:34:15 [INFO] ================================================================================
2025-11-11 19:34:15 [INFO] PointAlign Debug Log - Session started at 2025-11-11 19:34:15.878840
2025-11-11 19:34:15 [INFO] ================================================================================
2025-11-11 19:34:15 [INFO] SYSTEM INFORMATION:
2025-11-11 19:34:15 [INFO]   OS: Windows 11 (10.0.26100)
2025-11-11 19:34:16 [INFO]   Platform: Windows-11-10.0.26100-SP0
2025-11-11 19:34:16 [INFO]   Architecture: AMD64
2025-11-11 19:34:16 [INFO]   Processor: Intel64 Family 6 Model 158 Stepping 10, GenuineIntel
2025-11-11 19:34:16 [INFO]   Python Version: 3.13.7 (tags/v3.13.7:bcee1c3, Aug 14 2025, 14:15:11) [MSC v.1944 64 bit (AMD64)]
2025-11-11 19:34:16 [INFO]   Python Executable: C:\Users\gehl2\AppData\Local\Programs\Python\Python313\python.exe
2025-11-11 19:34:16 [INFO]   Running as: Python script
2025-11-11 19:34:16 [INFO]   Script directory: C:\Users\gehl2\Auto_align_program
2025-11-11 19:34:16 [INFO]   Working directory: C:\Users\gehl2\Auto_align_program
2025-11-11 19:34:16 [INFO] 
INSTALLED PACKAGES:
2025-11-11 19:34:16 [INFO]   OpenCV (cv2): 4.12.0
2025-11-11 19:34:16 [INFO]   Qt Backend: PySide6
2025-11-11 19:34:16 [INFO]   PySide6: 6.9.3
2025-11-11 19:34:16 [INFO]   NumPy: 2.2.6
2025-11-11 19:34:16 [INFO] 
REQUIRED FILES CHECK:
2025-11-11 19:34:16 [INFO]   ✓ Test_with_img.lys: Found at C:\Users\gehl2\Auto_align_program\Test_with_img.lys
2025-11-11 19:34:16 [INFO]   ✓ Test.GDS: Found at C:\Users\gehl2\Auto_align_program\Test.GDS
2025-11-11 19:34:16 [INFO]   ✓ icon.ico: Found at C:\Users\gehl2\Auto_align_program\icon.ico
2025-11-11 19:34:16 [INFO]   ✓ console_runner.py: Found at C:\Users\gehl2\Auto_align_program\console_runner.py
2025-11-11 19:34:16 [INFO] ================================================================================
2025-11-11 19:34:16 [INFO] Starting Point Align GUI...
2025-11-11 19:34:16 [INFO] GUI initialized successfully
2025-11-11 19:37:51 [INFO] ================================================================================
2025-11-11 19:37:51 [INFO] PointAlign Debug Log - Session started at 2025-11-11 19:37:51.788331
2025-11-11 19:37:51 [INFO] ================================================================================
2025-11-11 19:37:51 [INFO] SYSTEM INFORMATION:
2025-11-11 19:37:51 [INFO]   OS: Windows 11 (10.0.26100)
2025-11-11 19:37:51 [INFO]   Platform: Windows-11-10.0.26100-SP0
2025-11-11 19:37:51 [INFO]   Architecture: AMD64
2025-11-11 19:37:51 [INFO]   Processor: Intel64 Family 6 Model 158 Stepping 10, GenuineIntel
2025-11-11 19:37:51 [INFO]   Python Version: 3.13.7 (tags/v3.13.7:bcee1c3, Aug 14 2025, 14:15:11) [MSC v.1944 64 bit (AMD64)]
2025-11-11 19:37:51 [INFO]   Python Executable: C:\Users\gehl2\AppData\Local\Programs\Python\Python313\python.exe
2025-11-11 19:37:51 [INFO]   Running as: Python script
2025-11-11 19:37:51 [INFO]   Script directory: C:\Users\gehl2\Auto_align_program
2025-11-11 19:37:51 [INFO]   Working directory: C:\Users\gehl2\Auto_align_program
2025-11-11 19:37:51 [INFO] 
INSTALLED PACKAGES:
2025-11-11 19:37:52 [INFO]   OpenCV (cv2): 4.12.0
2025-11-11 19:37:52 [INFO]   Qt Backend: PySide6
2025-11-11 19:37:52 [INFO]   PySide6: 6.9.3
2025-11-11 19:37:52 [INFO]   NumPy: 2.2.6
2025-11-11 19:37:52 [INFO] 
REQUIRED FILES CHECK:
2025-11-11 19:37:52 [INFO]   ✓ Test_with_img.lys: Found at C:\Users\gehl2\Auto_align_program\Test_with_img.lys
2025-11-11 19:37:52 [INFO]   ✓ Test.GDS: Found at C:\Users\gehl2\Auto_align_program\Test.GDS
2025-11-11 19:37:52 [INFO]   ✓ icon.ico: Found at C:\Users\gehl2\Auto_align_program\icon.ico
2025-11-11 19:37:52 [INFO]   ✓ console_runner.py: Found at C:\Users\gehl2\Auto_align_program\console_runner.py
2025-11-11 19:37:52 [INFO] ================================================================================
2025-11-11 19:37:52 [INFO] Starting Point Align GUI...
2025-11-11 19:37:52 [INFO] GUI initialized successfully
2025-11-11 19:38:06 [INFO] Single align: C:/Users/gehl2/Downloads/IMG_2025_08_21_51204.JPG, preset=[Default], output=auto
2025-11-11 19:38:31 [DEBUG] _on_select_all_changed called with state=2
2025-11-11 19:38:31 [DEBUG] Qt.Checked value = CheckState.Checked
2025-11-11 19:38:31 [DEBUG] checked=True (comparing 2 == 2)
2025-11-11 19:38:31 [DEBUG] Number of image strips: 2
2025-11-11 19:38:31 [DEBUG] Processing strip 1/2
2025-11-11 19:38:31 [DEBUG]   Before: checkbox.isChecked() = False
2025-11-11 19:38:31 [DEBUG]   After set_checked(True): checkbox.isChecked() = True
2025-11-11 19:38:31 [DEBUG] Processing strip 2/2
2025-11-11 19:38:31 [DEBUG]   Before: checkbox.isChecked() = False
2025-11-11 19:38:31 [DEBUG]   After set_checked(True): checkbox.isChecked() = True
2025-11-11 19:38:31 [DEBUG] _on_select_all_changed completed
2025-11-11 19:38:31 [DEBUG] _on_select_all_changed called with state=0
2025-11-11 19:38:31 [DEBUG] Qt.Checked value = CheckState.Checked
2025-11-11 19:38:31 [DEBUG] checked=False (comparing 0 == 2)
2025-11-11 19:38:31 [DEBUG] Number of image strips: 2
2025-11-11 19:38:31 [DEBUG] Processing strip 1/2
2025-11-11 19:38:31 [DEBUG]   Before: checkbox.isChecked() = True
2025-11-11 19:38:31 [DEBUG]   After set_checked(False): checkbox.isChecked() = False
2025-11-11 19:38:31 [DEBUG] Processing strip 2/2
2025-11-11 19:38:31 [DEBUG]   Before: checkbox.isChecked() = True
2025-11-11 19:38:31 [DEBUG]   After set_checked(False): checkbox.isChecked() = False
2025-11-11 19:38:31 [DEBUG] _on_select_all_changed completed
2025-11-11 19:43:23 [INFO] ================================================================================
2025-11-11 19:43:23 [INFO] PointAlign Debug Log - Session started at 2025-11-11 19:43:23.460726
2025-11-11 19:43:23 [INFO] ================================================================================
2025-11-11 19:43:23 [INFO] SYSTEM INFORMATION:
2025-11-11 19:43:23 [INFO]   OS: Windows 11 (10.0.26100)
2025-11-11 19:43:23 [INFO]   Platform: Windows-11-10.0.26100-SP0
2025-11-11 19:43:23 [INFO]   Architecture: AMD64
2025-11-11 19:43:23 [INFO]   Processor: Intel64 Family 6 Model 158 Stepping 10, GenuineIntel
2025-11-11 19:43:23 [INFO]   Python Version: 3.13.7 (tags/v3.13.7:bcee1c3, Aug 14 2025, 14:15:11) [MSC v.1944 64 bit (AMD64)]
2025-11-11 19:43:23 [INFO]   Python Executable: C:\Users\gehl2\AppData\Local\Programs\Python\Python313\python.exe
2025-11-11 19:43:23 [INFO]   Running as: Python script
2025-11-11 19:43:23 [INFO]   Script directory: C:\Users\gehl2\Auto_align_program
2025-11-11 19:43:23 [INFO]   Working directory: C:\Users\gehl2\Auto_align_program
2025-11-11 19:43:23 [INFO] 
INSTALLED PACKAGES:
2025-11-11 19:43:23 [INFO]   OpenCV (cv2): 4.12.0
2025-11-11 19:43:23 [INFO]   Qt Backend: PySide6
2025-11-11 19:43:23 [INFO]   PySide6: 6.9.3
2025-11-11 19:43:23 [INFO]   NumPy: 2.2.6
2025-11-11 19:43:23 [INFO] 
REQUIRED FILES CHECK:
2025-11-11 19:43:23 [INFO]   ✓ Test_with_img.lys: Found at C:\Users\gehl2\Auto_align_program\Test_with_img.lys
2025-11-11 19:43:23 [INFO]   ✓ Test.GDS: Found at C:\Users\gehl2\Auto_align_program\Test.GDS
2025-11-11 19:43:23 [INFO]   ✓ icon.ico: Found at C:\Users\gehl2\Auto_align_program\icon.ico
2025-11-11 19:43:23 [INFO]   ✓ console_runner.py: Found at C:\Users\gehl2\Auto_align_program\console_runner.py
2025-11-11 19:43:23 [INFO] ================================================================================
2025-11-11 19:43:23 [INFO] Starting Point Align GUI...
2025-11-11 19:43:24 [INFO] GUI initialized successfully
2025-11-11 19:47:26 [INFO] ================================================================================
2025-11-11 19:47:26 [INFO] PointAlign Debug Log - Session started at 2025-11-11 19:47:26.151556
2025-11-11 19:47:26 [INFO] ================================================================================
2025-11-11 19:47:26 [INFO] SYSTEM INFORMATION:
2025-11-11 19:47:26 [INFO]   OS: Windows 11 (10.0.26100)
2025-11-11 19:47:26 [INFO]   Platform: Windows-11-10.0.26100-SP0
2025-11-11 19:47:26 [INFO]   Architecture: AMD64
2025-11-11 19:47:26 [INFO]   Processor: Intel64 Family 6 Model 158 Stepping 10, GenuineIntel
2025-11-11 19:47:26 [INFO]   Python Version: 3.13.7 (tags/v3.13.7:bcee1c3, Aug 14 2025, 14:15:11) [MSC v.1944 64 bit (AMD64)]
2025-11-11 19:47:26 [INFO]   Python Executable: C:\Users\gehl2\AppData\Local\Programs\Python\Python313\python.exe
2025-11-11 19:47:26 [INFO]   Running as: Python script
2025-11-11 19:47:26 [INFO]   Script directory: C:\Users\gehl2\Auto_align_program
2025-11-11 19:47:26 [INFO]   Working directory: C:\Users\gehl2\Auto_align_program
2025-11-11 19:47:26 [INFO] 
INSTALLED PACKAGES:
2025-11-11 19:47:26 [INFO]   OpenCV (cv2): 4.12.0
2025-11-11 19:47:26 [INFO]   Qt Backend: PySide6
2025-11-11 19:47:26 [INFO]   PySide6: 6.9.3
2025-11-11 19:47:26 [INFO]   NumPy: 2.2.6
2025-11-11 19:47:26 [INFO] 
REQUIRED FILES CHECK:
2025-11-11 19:47:26 [INFO]   ✓ Test_with_img.lys: Found at C:\Users\gehl2\Auto_align_program\Test_with_img.lys
2025-11-11 19:47:26 [INFO]   ✓ Test.GDS: Found at C:\Users\gehl2\Auto_align_program\Test.GDS
2025-11-11 19:47:26 [INFO]   ✓ icon.ico: Found at C:\Users\gehl2\Auto_align_program\icon.ico
2025-11-11 19:47:26 [INFO]   ✓ console_runner.py: Found at C:\Users\gehl2\Auto_align_program\console_runner.py
2025-11-11 19:47:26 [INFO] ================================================================================
2025-11-11 19:47:26 [INFO] Starting Point Align GUI...
2025-11-11 19:47:27 [INFO] GUI initialized successfully
2025-11-11 19:49:28 [INFO] ================================================================================
2025-11-11 19:49:28 [INFO] PointAlign Debug Log - Session started at 2025-11-11 19:49:28.163976
2025-11-11 19:49:28 [INFO] ================================================================================
2025-11-11 19:49:28 [INFO] SYSTEM INFORMATION:
2025-11-11 19:49:28 [INFO]   OS: Windows 11 (10.0.26100)
2025-11-11 19:49:28 [INFO]   Platform: Windows-11-10.0.26100-SP0
2025-11-11 19:49:28 [INFO]   Architecture: AMD64
2025-11-11 19:49:28 [INFO]   Processor: Intel64 Family 6 Model 158 Stepping 10, GenuineIntel
2025-11-11 19:49:28 [INFO]   Python Version: 3.13.7 (tags/v3.13.7:bcee1c3, Aug 14 2025, 14:15:11) [MSC v.1944 64 bit (AMD64)]
2025-11-11 19:49:28 [INFO]   Python Executable: C:\Users\gehl2\AppData\Local\Programs\Python\Python313\python.exe
2025-11-11 19:49:28 [INFO]   Running as: Python script
2025-11-11 19:49:28 [INFO]   Script directory: C:\Users\gehl2\Auto_align_program
2025-11-11 19:49:28 [INFO]   Working directory: C:\Users\gehl2\Auto_align_program
2025-11-11 19:49:28 [INFO] 
INSTALLED PACKAGES:
2025-11-11 19:49:28 [INFO]   OpenCV (cv2): 4.12.0
2025-11-11 19:49:28 [INFO]   Qt Backend: PySide6
2025-11-11 19:49:28 [INFO]   PySide6: 6.9.3
2025-11-11 19:49:28 [INFO]   NumPy: 2.2.6
2025-11-11 19:49:28 [INFO] 
REQUIRED FILES CHECK:
2025-11-11 19:49:28 [INFO]   ✓ Test_with_img.lys: Found at C:\Users\gehl2\Auto_align_program\Test_with_img.lys
2025-11-11 19:49:28 [INFO]   ✓ Test.GDS: Found at C:\Users\gehl2\Auto_align_program\Test.GDS
2025-11-11 19:49:28 [INFO]   ✓ icon.ico: Found at C:\Users\gehl2\Auto_align_program\icon.ico
2025-11-11 19:49:28 [INFO]   ✓ console_runner.py: Found at C:\Users\gehl2\Auto_align_program\console_runner.py
2025-11-11 19:49:28 [INFO] ================================================================================
2025-11-11 19:49:28 [INFO] Starting Point Align GUI...
2025-11-11 19:49:29 [INFO] GUI initialized successfully
2025-11-11 19:53:00 [INFO] ================================================================================
2025-11-11 19:53:00 [INFO] PointAlign Debug Log - Session started at 2025-11-11 19:53:00.875924
2025-11-11 19:53:00 [INFO] ================================================================================
2025-11-11 19:53:00 [INFO] SYSTEM INFORMATION:
2025-11-11 19:53:00 [INFO]   OS: Windows 11 (10.0.26100)
2025-11-11 19:53:01 [INFO]   Platform: Windows-11-10.0.26100-SP0
2025-11-11 19:53:01 [INFO]   Architecture: AMD64
2025-11-11 19:53:01 [INFO]   Processor: Intel64 Family 6 Model 158 Stepping 10, GenuineIntel
2025-11-11 19:53:01 [INFO]   Python Version: 3.13.7 (tags/v3.13.7:bcee1c3, Aug 14 2025, 14:15:11) [MSC v.1944 64 bit (AMD64)]
2025-11-11 19:53:01 [INFO]   Python Executable: C:\Users\gehl2\AppData\Local\Programs\Python\Python313\python.exe
2025-11-11 19:53:01 [INFO]   Running as: Python script
2025-11-11 19:53:01 [INFO]   Script directory: C:\Users\gehl2\Auto_align_program
2025-11-11 19:53:01 [INFO]   Working directory: C:\Users\gehl2\Auto_align_program
2025-11-11 19:53:01 [INFO] 
INSTALLED PACKAGES:
2025-11-11 19:53:01 [INFO]   OpenCV (cv2): 4.12.0
2025-11-11 19:53:01 [INFO]   Qt Backend: PySide6
2025-11-11 19:53:01 [INFO]   PySide6: 6.9.3
2025-11-11 19:53:01 [INFO]   NumPy: 2.2.6
2025-11-11 19:53:01 [INFO] 
REQUIRED FILES CHECK:
2025-11-11 19:53:01 [INFO]   ✓ Test_with_img.lys: Found at C:\Users\gehl2\Auto_align_program\Test_with_img.lys
2025-11-11 19:53:01 [INFO]   ✓ Test.GDS: Found at C:\Users\gehl2\Auto_align_program\Test.GDS
2025-11-11 19:53:01 [INFO]   ✓ icon.ico: Found at C:\Users\gehl2\Auto_align_program\icon.ico
2025-11-11 19:53:01 [INFO]   ✓ console_runner.py: Found at C:\Users\gehl2\Auto_align_program\console_runner.py
2025-11-11 19:53:01 [INFO] ================================================================================
2025-11-11 19:53:01 [INFO] Starting Point Align GUI...
2025-11-11 19:53:01 [INFO] GUI initialized successfully
2025-11-11 20:25:44 [INFO] ================================================================================
2025-11-11 20:25:44 [INFO] PointAlign Debug Log - Session started at 2025-11-11 20:25:44.125072
2025-11-11 20:25:44 [INFO] ================================================================================
2025-11-11 20:25:44 [INFO] SYSTEM INFORMATION:
2025-11-11 20:25:44 [INFO]   OS: Windows 11 (10.0.26100)
2025-11-11 20:25:44 [INFO]   Platform: Windows-11-10.0.26100-SP0
2025-11-11 20:25:44 [INFO]   Architecture: AMD64
2025-11-11 20:25:44 [INFO]   Processor: Intel64 Family 6 Model 158 Stepping 10, GenuineIntel
2025-11-11 20:25:44 [INFO]   Python Version: 3.13.7 (tags/v3.13.7:bcee1c3, Aug 14 2025, 14:15:11) [MSC v.1944 64 bit (AMD64)]
2025-11-11 20:25:44 [INFO]   Python Executable: C:\Users\gehl2\AppData\Local\Programs\Python\Python313\python.exe
2025-11-11 20:25:44 [INFO]   Running as: Python script
2025-11-11 20:25:44 [INFO]   Script directory: C:\Users\gehl2\Auto_align_program
2025-11-11 20:25:44 [INFO]   Working directory: C:\Users\gehl2\Auto_align_program
2025-11-11 20:25:44 [INFO] 
INSTALLED PACKAGES:
2025-11-11 20:25:44 [INFO]   OpenCV (cv2): 4.12.0
2025-11-11 20:25:44 [INFO]   Qt Backend: PySide6
2025-11-11 20:25:44 [INFO]   PySide6: 6.9.3
2025-11-11 20:25:44 [INFO]   NumPy: 2.2.6
2025-11-11 20:25:44 [INFO] 
REQUIRED FILES CHECK:
2025-11-11 20:25:44 [INFO]   ✓ Test_with_img.lys: Found at C:\Users\gehl2\Auto_align_program\Test_with_img.lys
2025-11-11 20:25:44 [INFO]   ✓ Test.GDS: Found at C:\Users\gehl2\Auto_align_program\Test.GDS
2025-11-11 20:25:44 [INFO]   ✓ icon.ico: Found at C:\Users\gehl2\Auto_align_program\icon.ico
2025-11-11 20:25:44 [INFO]   ✓ console_runner.py: Found at C:\Users\gehl2\Auto_align_program\console_runner.py
2025-11-11 20:25:44 [INFO] ================================================================================
2025-11-11 20:25:44 [INFO] Starting Point Align GUI...
2025-11-11 20:25:45 [INFO] GUI initialized successfully
2025-11-20 12:39:07 [INFO] ================================================================================
2025-11-20 12:39:07 [INFO] PointAlign Debug Log - Session started at 2025-11-20 12:39:07.577796
2025-11-20 12:39:07 [INFO] ================================================================================
2025-11-20 12:39:07 [INFO] SYSTEM INFORMATION:
2025-11-20 12:39:07 [INFO]   OS: Windows 11 (10.0.26100)
2025-11-20 12:39:07 [INFO]   Platform: Windows-11-10.0.26100-SP0
2025-11-20 12:39:07 [INFO]   Architecture: AMD64
2025-11-20 12:39:07 [INFO]   Processor: Intel64 Family 6 Model 158 Stepping 10, GenuineIntel
2025-11-20 12:39:07 [INFO]   Python Version: 3.14.0 (tags/v3.14.0:ebf955d, Oct  7 2025, 10:15:03) [MSC v.1944 64 bit (AMD64)]
2025-11-20 12:39:07 [INFO]   Python Executable: C:\Python314\python.exe
2025-11-20 12:39:07 [INFO]   Running as: Python script
2025-11-20 12:39:07 [INFO]   Script directory: C:\Users\gehl2\Auto_align_program
2025-11-20 12:39:07 [INFO]   Working directory: C:\Users\gehl2\Auto_align_program
2025-11-20 12:39:07 [INFO] 
INSTALLED PACKAGES:
2025-11-20 12:39:07 [ERROR]   OpenCV (cv2): NOT FOUND - No module named 'cv2'
2025-11-20 12:39:07 [INFO]   Qt Backend: PyQt6
2025-11-20 12:39:07 [INFO]   PyQt6: 6.10.0
2025-11-20 12:39:07 [INFO]   NumPy: 2.3.4
2025-11-20 12:39:07 [INFO] 
REQUIRED FILES CHECK:
2025-11-20 12:39:07 [INFO]   ✓ Test_with_img.lys: Found at C:\Users\gehl2\Auto_align_program\Test_with_img.lys
2025-11-20 12:39:07 [INFO]   ✓ Test.GDS: Found at C:\Users\gehl2\Auto_align_program\Test.GDS
2025-11-20 12:39:07 [INFO]   ✓ icon.ico: Found at C:\Users\gehl2\Auto_align_program\icon.ico
2025-11-20 12:39:07 [INFO]   ✓ console_runner.py: Found at C:\Users\gehl2\Auto_align_program\console_runner.py
2025-11-20 12:39:07 [INFO] ================================================================================
2025-11-20 12:39:07 [INFO] Starting Point Align GUI...
2025-11-20 12:39:08 [INFO] GUI initialized successfully
2025-11-20 12:40:33 [INFO] ================================================================================
2025-11-20 12:40:33 [INFO] PointAlign Debug Log - Session started at 2025-11-20 12:40:33.432867
2025-11-20 12:40:33 [INFO] ================================================================================
2025-11-20 12:40:33 [INFO] SYSTEM INFORMATION:
2025-11-20 12:40:33 [INFO]   OS: Windows 11 (10.0.26100)
2025-11-20 12:40:33 [INFO]   Platform: Windows-11-10.0.26100-SP0
2025-11-20 12:40:33 [INFO]   Architecture: AMD64
2025-11-20 12:40:33 [INFO]   Processor: Intel64 Family 6 Model 158 Stepping 10, GenuineIntel
2025-11-20 12:40:33 [INFO]   Python Version: 3.14.0 (tags/v3.14.0:ebf955d, Oct  7 2025, 10:15:03) [MSC v.1944 64 bit (AMD64)]
2025-11-20 12:40:33 [INFO]   Python Executable: C:\Python314\python.exe
2025-11-20 12:40:33 [INFO]   Running as: Python script
2025-11-20 12:40:33 [INFO]   Script directory: C:\Users\gehl2\Auto_align_program
2025-11-20 12:40:33 [INFO]   Working directory: C:\Users\gehl2\Auto_align_program
2025-11-20 12:40:33 [INFO] 
INSTALLED PACKAGES:
2025-11-20 12:40:33 [ERROR]   OpenCV (cv2): NOT FOUND - No module named 'cv2'
2025-11-20 12:40:33 [INFO]   Qt Backend: PyQt6
2025-11-20 12:40:33 [INFO]   PyQt6: 6.10.0
2025-11-20 12:40:33 [INFO]   NumPy: 2.3.4
2025-11-20 12:40:33 [INFO] 
REQUIRED FILES CHECK:
2025-11-20 12:40:33 [INFO]   ✓ Test_with_img.lys: Found at C:\Users\gehl2\Auto_align_program\Test_with_img.lys
2025-11-20 12:40:33 [INFO]   ✓ Test.GDS: Found at C:\Users\gehl2\Auto_align_program\Test.GDS
2025-11-20 12:40:33 [INFO]   ✓ icon.ico: Found at C:\Users\gehl2\Auto_align_program\icon.ico
2025-11-20 12:40:33 [INFO]   ✓ console_runner.py: Found at C:\Users\gehl2\Auto_align_program\console_runner.py
2025-11-20 12:40:33 [INFO] ================================================================================
2025-11-20 12:40:33 [INFO] Starting Point Align GUI...
2025-11-20 12:40:34 [INFO] GUI initialized successfully
2025-11-20 12:42:09 [INFO] ================================================================================
2025-11-20 12:42:09 [INFO] PointAlign Debug Log - Session started at 2025-11-20 12:42:09.418937
2025-11-20 12:42:09 [INFO] ================================================================================
2025-11-20 12:42:09 [INFO] SYSTEM INFORMATION:
2025-11-20 12:42:09 [INFO]   OS: Windows 11 (10.0.26100)
2025-11-20 12:42:09 [INFO]   Platform: Windows-11-10.0.26100-SP0
2025-11-20 12:42:09 [INFO]   Architecture: AMD64
2025-11-20 12:42:09 [INFO]   Processor: Intel64 Family 6 Model 158 Stepping 10, GenuineIntel
2025-11-20 12:42:09 [INFO]   Python Version: 3.14.0 (tags/v3.14.0:ebf955d, Oct  7 2025, 10:15:03) [MSC v.1944 64 bit (AMD64)]
2025-11-20 12:42:09 [INFO]   Python Executable: C:\Python314\python.exe
2025-11-20 12:42:09 [INFO]   Running as: Python script
2025-11-20 12:42:09 [INFO]   Script directory: C:\Users\gehl2\Auto_align_program
2025-11-20 12:42:09 [INFO]   Working directory: C:\Users\gehl2\Auto_align_program
2025-11-20 12:42:09 [INFO] 
INSTALLED PACKAGES:
2025-11-20 12:42:09 [ERROR]   OpenCV (cv2): NOT FOUND - No module named 'cv2'
2025-11-20 12:42:09 [INFO]   Qt Backend: PyQt6
2025-11-20 12:42:09 [INFO]   PyQt6: 6.10.0
2025-11-20 12:42:09 [INFO]   NumPy: 2.3.4
2025-11-20 12:42:09 [INFO] 
REQUIRED FILES CHECK:
2025-11-20 12:42:09 [INFO]   ✓ Test_with_img.lys: Found at C:\Users\gehl2\Auto_align_program\Test_with_img.lys
2025-11-20 12:42:09 [INFO]   ✓ Test.GDS: Found at C:\Users\gehl2\Auto_align_program\Test.GDS
2025-11-20 12:42:09 [INFO]   ✓ icon.ico: Found at C:\Users\gehl2\Auto_align_program\icon.ico
2025-11-20 12:42:09 [INFO]   ✓ console_runner.py: Found at C:\Users\gehl2\Auto_align_program\console_runner.py
2025-11-20 12:42:09 [INFO] ================================================================================
2025-11-20 12:42:09 [INFO] Starting Point Align GUI...
2025-11-20 12:42:10 [INFO] GUI initialized successfully
2025-11-20 12:42:46 [INFO] ================================================================================
2025-11-20 12:42:46 [INFO] PointAlign Debug Log - Session started at 2025-11-20 12:42:46.118168
2025-11-20 12:42:46 [INFO] ================================================================================
2025-11-20 12:42:46 [INFO] SYSTEM INFORMATION:
2025-11-20 12:42:46 [INFO]   OS: Windows 11 (10.0.26100)
2025-11-20 12:42:46 [INFO]   Platform: Windows-11-10.0.26100-SP0
2025-11-20 12:42:46 [INFO]   Architecture: AMD64
2025-11-20 12:42:46 [INFO]   Processor: Intel64 Family 6 Model 158 Stepping 10, GenuineIntel
2025-11-20 12:42:46 [INFO]   Python Version: 3.14.0 (tags/v3.14.0:ebf955d, Oct  7 2025, 10:15:03) [MSC v.1944 64 bit (AMD64)]
2025-11-20 12:42:46 [INFO]   Python Executable: C:\Python314\python.exe
2025-11-20 12:42:46 [INFO]   Running as: Python script
2025-11-20 12:42:46 [INFO]   Script directory: C:\Users\gehl2\Auto_align_program
2025-11-20 12:42:46 [INFO]   Working directory: C:\Users\gehl2\Auto_align_program
2025-11-20 12:42:46 [INFO] 
INSTALLED PACKAGES:
2025-11-20 12:42:46 [ERROR]   OpenCV (cv2): NOT FOUND - No module named 'cv2'
2025-11-20 12:42:46 [INFO]   Qt Backend: PyQt6
2025-11-20 12:42:46 [INFO]   PyQt6: 6.10.0
2025-11-20 12:42:46 [INFO]   NumPy: 2.3.4
2025-11-20 12:42:46 [INFO] 
REQUIRED FILES CHECK:
2025-11-20 12:42:46 [INFO]   ✓ Test_with_img.lys: Found at C:\Users\gehl2\Auto_align_program\Test_with_img.lys
2025-11-20 12:42:46 [INFO]   ✓ Test.GDS: Found at C:\Users\gehl2\Auto_align_program\Test.GDS
2025-11-20 12:42:46 [INFO]   ✓ icon.ico: Found at C:\Users\gehl2\Auto_align_program\icon.ico
2025-11-20 12:42:46 [INFO]   ✓ console_runner.py: Found at C:\Users\gehl2\Auto_align_program\console_runner.py
2025-11-20 12:42:46 [INFO] ================================================================================
2025-11-20 12:42:46 [INFO] Starting Point Align GUI...
2025-11-20 12:42:47 [INFO] GUI initialized successfully
2025-11-20 12:43:51 [INFO] ================================================================================
2025-11-20 12:43:51 [INFO] PointAlign Debug Log - Session started at 2025-11-20 12:43:51.812321
2025-11-20 12:43:51 [INFO] ================================================================================
2025-11-20 12:43:51 [INFO] SYSTEM INFORMATION:
2025-11-20 12:43:51 [INFO]   OS: Windows 11 (10.0.26100)
2025-11-20 12:43:52 [INFO]   Platform: Windows-11-10.0.26100-SP0
2025-11-20 12:43:52 [INFO]   Architecture: AMD64
2025-11-20 12:43:52 [INFO]   Processor: Intel64 Family 6 Model 158 Stepping 10, GenuineIntel
2025-11-20 12:43:52 [INFO]   Python Version: 3.14.0 (tags/v3.14.0:ebf955d, Oct  7 2025, 10:15:03) [MSC v.1944 64 bit (AMD64)]
2025-11-20 12:43:52 [INFO]   Python Executable: C:\Python314\python.exe
2025-11-20 12:43:52 [INFO]   Running as: Python script
2025-11-20 12:43:52 [INFO]   Script directory: C:\Users\gehl2\Auto_align_program
2025-11-20 12:43:52 [INFO]   Working directory: C:\Users\gehl2\Auto_align_program
2025-11-20 12:43:52 [INFO] 
INSTALLED PACKAGES:
2025-11-20 12:43:52 [ERROR]   OpenCV (cv2): NOT FOUND - No module named 'cv2'
2025-11-20 12:43:52 [INFO]   Qt Backend: PyQt6
2025-11-20 12:43:52 [INFO]   PyQt6: 6.10.0
2025-11-20 12:43:52 [INFO]   NumPy: 2.3.4
2025-11-20 12:43:52 [INFO] 
REQUIRED FILES CHECK:
2025-11-20 12:43:52 [INFO]   ✓ Test_with_img.lys: Found at C:\Users\gehl2\Auto_align_program\Test_with_img.lys
2025-11-20 12:43:52 [INFO]   ✓ Test.GDS: Found at C:\Users\gehl2\Auto_align_program\Test.GDS
2025-11-20 12:43:52 [INFO]   ✓ icon.ico: Found at C:\Users\gehl2\Auto_align_program\icon.ico
2025-11-20 12:43:52 [INFO]   ✓ console_runner.py: Found at C:\Users\gehl2\Auto_align_program\console_runner.py
2025-11-20 12:43:52 [INFO] ================================================================================
2025-11-20 12:43:52 [INFO] Starting Point Align GUI...
2025-11-20 12:43:52 [INFO] GUI initialized successfully
2025-11-20 12:44:55 [INFO] Run log file: C:\Users\gehl2\AppData\Local\Temp\PointAlign_run_20251120_124455.log
2025-11-20 12:44:55 [DEBUG] Using Python command: ['py', '-3']
2025-11-20 12:44:55 [INFO] Starting subprocess:
2025-11-20 12:44:55 [INFO]   Command: py -3 -u C:\Users\gehl2\Auto_align_program\point_align_batch_runner_gui.py --files C:/Users/gehl2/Downloads/IMG_2025_07_25_48938.JPG --lys-in C:\Users\gehl2\Auto_align_program\Test_with_img.lys --before (-131.0,64.2),(131.7,65.8),(-129.4,-197.2),(132.3,-196.6) --after (-50,60),(70,60),(-50,-60),(70,-60) --affine --combined-out C:\Users\gehl2\Desktop\Aligned-2025-11-11.lys --auto-review --gds-file C:\Users\gehl2\Auto_align_program\Test.GDS
2025-11-20 12:44:55 [DEBUG] Starting subprocess with creationflags=134217728
2025-11-20 12:44:56 [DEBUG]   [STDOUT] usage: point_align_batch_runner_gui.py [-h] [--glob GLOB |
2025-11-20 12:44:56 [DEBUG]   [STDOUT]                                        --files FILES [FILES ...]] [--gui]
2025-11-20 12:44:56 [DEBUG]   [STDOUT]                                        --lys-in LYS_IN [--out-dir OUT_DIR]
2025-11-20 12:44:56 [DEBUG]   [STDOUT]                                        [--out-suffix OUT_SUFFIX]
2025-11-20 12:44:56 [DEBUG]   [STDOUT]                                        [--combined-out COMBINED_OUT]
2025-11-20 12:44:56 [DEBUG]   [STDOUT]                                        [--affine]
2025-11-20 12:44:56 [DEBUG]   [STDOUT]                                        [--rms-thresh-um RMS_THRESH_UM]
2025-11-20 12:44:56 [DEBUG]   [STDOUT]                                        --after AFTER [--origin-um ORIGIN_UM]
2025-11-20 12:44:56 [DEBUG]   [STDOUT]                                        [--auto] [--auto-review]
2025-11-20 12:44:56 [DEBUG]   [STDOUT]                                        [--auto-canny AUTO_CANNY]
2025-11-20 12:44:56 [DEBUG]   [STDOUT]                                        [--auto-thr AUTO_THR] [--auto-c AUTO_C]
2025-11-20 12:44:56 [DEBUG]   [STDOUT]                                        [--auto-morph AUTO_MORPH]
2025-11-20 12:44:56 [DEBUG]   [STDOUT]                                        [--gds-file GDS_FILE]
2025-11-20 12:44:56 [DEBUG]   [STDOUT] point_align_batch_runner_gui.py: error: unrecognized arguments: --before (-131.0,64.2),(131.7,65.8),(-129.4,-197.2),(132.3,-196.6)
2025-11-20 12:44:56 [INFO] Process completed with exit code: 2
2025-11-20 12:45:15 [INFO] ================================================================================
2025-11-20 12:45:15 [INFO] PointAlign Debug Log - Session started at 2025-11-20 12:45:15.309210
2025-11-20 12:45:15 [INFO] ================================================================================
2025-11-20 12:45:15 [INFO] SYSTEM INFORMATION:
2025-11-20 12:45:15 [INFO]   OS: Windows 11 (10.0.26100)
2025-11-20 12:45:15 [INFO]   Platform: Windows-11-10.0.26100-SP0
2025-11-20 12:45:15 [INFO]   Architecture: AMD64
2025-11-20 12:45:15 [INFO]   Processor: Intel64 Family 6 Model 158 Stepping 10, GenuineIntel
2025-11-20 12:45:15 [INFO]   Python Version: 3.14.0 (tags/v3.14.0:ebf955d, Oct  7 2025, 10:15:03) [MSC v.1944 64 bit (AMD64)]
2025-11-20 12:45:15 [INFO]   Python Executable: C:\Python314\python.exe
2025-11-20 12:45:15 [INFO]   Running as: Python script
2025-11-20 12:45:15 [INFO]   Script directory: C:\Users\gehl2\Auto_align_program
2025-11-20 12:45:15 [INFO]   Working directory: C:\Users\gehl2\Auto_align_program
2025-11-20 12:45:15 [INFO] 
INSTALLED PACKAGES:
2025-11-20 12:45:15 [ERROR]   OpenCV (cv2): NOT FOUND - No module named 'cv2'
2025-11-20 12:45:15 [INFO]   Qt Backend: PyQt6
2025-11-20 12:45:15 [INFO]   PyQt6: 6.10.0
2025-11-20 12:45:15 [INFO]   NumPy: 2.3.4
2025-11-20 12:45:15 [INFO] 
REQUIRED FILES CHECK:
2025-11-20 12:45:15 [INFO]   ✓ Test_with_img.lys: Found at C:\Users\gehl2\Auto_align_program\Test_with_img.lys
2025-11-20 12:45:15 [INFO]   ✓ Test.GDS: Found at C:\Users\gehl2\Auto_align_program\Test.GDS
2025-11-20 12:45:15 [INFO]   ✓ icon.ico: Found at C:\Users\gehl2\Auto_align_program\icon.ico
2025-11-20 12:45:15 [INFO]   ✓ console_runner.py: Found at C:\Users\gehl2\Auto_align_program\console_runner.py
2025-11-20 12:45:15 [INFO] ================================================================================
2025-11-20 12:45:15 [INFO] Starting Point Align GUI...
2025-11-20 12:45:16 [INFO] GUI initialized successfully
2025-11-20 12:46:26 [INFO] ================================================================================
2025-11-20 12:46:26 [INFO] PointAlign Debug Log - Session started at 2025-11-20 12:46:26.351478
2025-11-20 12:46:26 [INFO] ================================================================================
2025-11-20 12:46:26 [INFO] SYSTEM INFORMATION:
2025-11-20 12:46:26 [INFO]   OS: Windows 11 (10.0.26100)
2025-11-20 12:46:26 [INFO]   Platform: Windows-11-10.0.26100-SP0
2025-11-20 12:46:26 [INFO]   Architecture: AMD64
2025-11-20 12:46:26 [INFO]   Processor: Intel64 Family 6 Model 158 Stepping 10, GenuineIntel
2025-11-20 12:46:26 [INFO]   Python Version: 3.14.0 (tags/v3.14.0:ebf955d, Oct  7 2025, 10:15:03) [MSC v.1944 64 bit (AMD64)]
2025-11-20 12:46:26 [INFO]   Python Executable: C:\Python314\python.exe
2025-11-20 12:46:26 [INFO]   Running as: Python script
2025-11-20 12:46:26 [INFO]   Script directory: C:\Users\gehl2\Auto_align_program
2025-11-20 12:46:26 [INFO]   Working directory: C:\Users\gehl2\Auto_align_program
2025-11-20 12:46:26 [INFO] 
INSTALLED PACKAGES:
2025-11-20 12:46:26 [ERROR]   OpenCV (cv2): NOT FOUND - No module named 'cv2'
2025-11-20 12:46:26 [INFO]   Qt Backend: PyQt6
2025-11-20 12:46:26 [INFO]   PyQt6: 6.10.0
2025-11-20 12:46:26 [INFO]   NumPy: 2.3.4
2025-11-20 12:46:26 [INFO] 
REQUIRED FILES CHECK:
2025-11-20 12:46:26 [INFO]   ✓ Test_with_img.lys: Found at C:\Users\gehl2\Auto_align_program\Test_with_img.lys
2025-11-20 12:46:26 [INFO]   ✓ Test.GDS: Found at C:\Users\gehl2\Auto_align_program\Test.GDS
2025-11-20 12:46:26 [INFO]   ✓ icon.ico: Found at C:\Users\gehl2\Auto_align_program\icon.ico
2025-11-20 12:46:26 [INFO]   ✓ console_runner.py: Found at C:\Users\gehl2\Auto_align_program\console_runner.py
2025-11-20 12:46:26 [INFO] ================================================================================
2025-11-20 12:46:26 [INFO] Starting Point Align GUI...
2025-11-20 12:46:27 [INFO] GUI initialized successfully
2025-11-20 12:46:49 [INFO] ================================================================================
2025-11-20 12:46:49 [INFO] PointAlign Debug Log - Session started at 2025-11-20 12:46:49.058452
2025-11-20 12:46:49 [INFO] ================================================================================
2025-11-20 12:46:49 [INFO] SYSTEM INFORMATION:
2025-11-20 12:46:49 [INFO]   OS: Windows 11 (10.0.26100)
2025-11-20 12:46:49 [INFO]   Platform: Windows-11-10.0.26100-SP0
2025-11-20 12:46:49 [INFO]   Architecture: AMD64
2025-11-20 12:46:49 [INFO]   Processor: Intel64 Family 6 Model 158 Stepping 10, GenuineIntel
2025-11-20 12:46:49 [INFO]   Python Version: 3.14.0 (tags/v3.14.0:ebf955d, Oct  7 2025, 10:15:03) [MSC v.1944 64 bit (AMD64)]
2025-11-20 12:46:49 [INFO]   Python Executable: C:\Python314\python.exe
2025-11-20 12:46:49 [INFO]   Running as: Python script
2025-11-20 12:46:49 [INFO]   Script directory: C:\Users\gehl2\Auto_align_program
2025-11-20 12:46:49 [INFO]   Working directory: C:\Users\gehl2\Auto_align_program
2025-11-20 12:46:49 [INFO] 
INSTALLED PACKAGES:
2025-11-20 12:46:49 [ERROR]   OpenCV (cv2): NOT FOUND - No module named 'cv2'
2025-11-20 12:46:49 [INFO]   Qt Backend: PyQt6
2025-11-20 12:46:49 [INFO]   PyQt6: 6.10.0
2025-11-20 12:46:49 [INFO]   NumPy: 2.3.4
2025-11-20 12:46:49 [INFO] 
REQUIRED FILES CHECK:
2025-11-20 12:46:49 [INFO]   ✓ Test_with_img.lys: Found at C:\Users\gehl2\Auto_align_program\Test_with_img.lys
2025-11-20 12:46:49 [INFO]   ✓ Test.GDS: Found at C:\Users\gehl2\Auto_align_program\Test.GDS
2025-11-20 12:46:49 [INFO]   ✓ icon.ico: Found at C:\Users\gehl2\Auto_align_program\icon.ico
2025-11-20 12:46:49 [INFO]   ✓ console_runner.py: Found at C:\Users\gehl2\Auto_align_program\console_runner.py
2025-11-20 12:46:49 [INFO] ================================================================================
2025-11-20 12:46:49 [INFO] Starting Point Align GUI...
2025-11-20 12:46:49 [INFO] GUI initialized successfully
2025-11-20 12:49:13 [INFO] ================================================================================
2025-11-20 12:49:13 [INFO] PointAlign Debug Log - Session started at 2025-11-20 12:49:13.556298
2025-11-20 12:49:13 [INFO] ================================================================================
2025-11-20 12:49:13 [INFO] SYSTEM INFORMATION:
2025-11-20 12:49:13 [INFO]   OS: Windows 11 (10.0.26100)
2025-11-20 12:49:13 [INFO]   Platform: Windows-11-10.0.26100-SP0
2025-11-20 12:49:13 [INFO]   Architecture: AMD64
2025-11-20 12:49:13 [INFO]   Processor: Intel64 Family 6 Model 158 Stepping 10, GenuineIntel
2025-11-20 12:49:13 [INFO]   Python Version: 3.14.0 (tags/v3.14.0:ebf955d, Oct  7 2025, 10:15:03) [MSC v.1944 64 bit (AMD64)]
2025-11-20 12:49:13 [INFO]   Python Executable: C:\Python314\python.exe
2025-11-20 12:49:13 [INFO]   Running as: Python script
2025-11-20 12:49:13 [INFO]   Script directory: C:\Users\gehl2\Auto_align_program
2025-11-20 12:49:13 [INFO]   Working directory: C:\Users\gehl2\Auto_align_program
2025-11-20 12:49:13 [INFO] 
INSTALLED PACKAGES:
2025-11-20 12:49:13 [ERROR]   OpenCV (cv2): NOT FOUND - No module named 'cv2'
2025-11-20 12:49:13 [INFO]   Qt Backend: PyQt6
2025-11-20 12:49:13 [INFO]   PyQt6: 6.10.0
2025-11-20 12:49:13 [INFO]   NumPy: 2.3.4
2025-11-20 12:49:13 [INFO] 
REQUIRED FILES CHECK:
2025-11-20 12:49:13 [INFO]   ✓ Test_with_img.lys: Found at C:\Users\gehl2\Auto_align_program\Test_with_img.lys
2025-11-20 12:49:13 [INFO]   ✓ Test.GDS: Found at C:\Users\gehl2\Auto_align_program\Test.GDS
2025-11-20 12:49:13 [INFO]   ✓ icon.ico: Found at C:\Users\gehl2\Auto_align_program\icon.ico
2025-11-20 12:49:13 [INFO]   ✓ console_runner.py: Found at C:\Users\gehl2\Auto_align_program\console_runner.py
2025-11-20 12:49:13 [INFO] ================================================================================
2025-11-20 12:49:13 [INFO] Starting Point Align GUI...
2025-11-20 12:49:14 [INFO] GUI initialized successfully
2025-11-20 12:50:48 [INFO] ================================================================================
2025-11-20 12:50:48 [INFO] PointAlign Debug Log - Session started at 2025-11-20 12:50:48.900601
2025-11-20 12:50:48 [INFO] ================================================================================
2025-11-20 12:50:48 [INFO] SYSTEM INFORMATION:
2025-11-20 12:50:49 [INFO]   OS: Windows 11 (10.0.26100)
2025-11-20 12:50:49 [INFO]   Platform: Windows-11-10.0.26100-SP0
2025-11-20 12:50:49 [INFO]   Architecture: AMD64
2025-11-20 12:50:49 [INFO]   Processor: Intel64 Family 6 Model 158 Stepping 10, GenuineIntel
2025-11-20 12:50:49 [INFO]   Python Version: 3.14.0 (tags/v3.14.0:ebf955d, Oct  7 2025, 10:15:03) [MSC v.1944 64 bit (AMD64)]
2025-11-20 12:50:49 [INFO]   Python Executable: C:\Python314\python.exe
2025-11-20 12:50:49 [INFO]   Running as: Python script
2025-11-20 12:50:49 [INFO]   Script directory: C:\Users\gehl2\Auto_align_program
2025-11-20 12:50:49 [INFO]   Working directory: C:\Users\gehl2\Auto_align_program
2025-11-20 12:50:49 [INFO] 
INSTALLED PACKAGES:
2025-11-20 12:50:49 [ERROR]   OpenCV (cv2): NOT FOUND - No module named 'cv2'
2025-11-20 12:50:49 [INFO]   Qt Backend: PyQt6
2025-11-20 12:50:49 [INFO]   PyQt6: 6.10.0
2025-11-20 12:50:49 [INFO]   NumPy: 2.3.4
2025-11-20 12:50:49 [INFO] 
REQUIRED FILES CHECK:
2025-11-20 12:50:49 [INFO]   ✓ Test_with_img.lys: Found at C:\Users\gehl2\Auto_align_program\Test_with_img.lys
2025-11-20 12:50:49 [INFO]   ✓ Test.GDS: Found at C:\Users\gehl2\Auto_align_program\Test.GDS
2025-11-20 12:50:49 [INFO]   ✓ icon.ico: Found at C:\Users\gehl2\Auto_align_program\icon.ico
2025-11-20 12:50:49 [INFO]   ✓ console_runner.py: Found at C:\Users\gehl2\Auto_align_program\console_runner.py
2025-11-20 12:50:49 [INFO] ================================================================================
2025-11-20 12:50:49 [INFO] Starting Point Align GUI...
2025-11-20 12:50:49 [INFO] GUI initialized successfully
2025-11-20 12:51:31 [INFO] ================================================================================
2025-11-20 12:51:31 [INFO] PointAlign Debug Log - Session started at 2025-11-20 12:51:31.726996
2025-11-20 12:51:31 [INFO] ================================================================================
2025-11-20 12:51:31 [INFO] SYSTEM INFORMATION:
2025-11-20 12:51:31 [INFO]   OS: Windows 11 (10.0.26100)
2025-11-20 12:51:31 [INFO]   Platform: Windows-11-10.0.26100-SP0
2025-11-20 12:51:31 [INFO]   Architecture: AMD64
2025-11-20 12:51:31 [INFO]   Processor: Intel64 Family 6 Model 158 Stepping 10, GenuineIntel
2025-11-20 12:51:31 [INFO]   Python Version: 3.14.0 (tags/v3.14.0:ebf955d, Oct  7 2025, 10:15:03) [MSC v.1944 64 bit (AMD64)]
2025-11-20 12:51:31 [INFO]   Python Executable: C:\Python314\python.exe
2025-11-20 12:51:31 [INFO]   Running as: Python script
2025-11-20 12:51:31 [INFO]   Script directory: C:\Users\gehl2\Auto_align_program
2025-11-20 12:51:31 [INFO]   Working directory: C:\Users\gehl2\Auto_align_program
2025-11-20 12:51:31 [INFO] 
INSTALLED PACKAGES:
2025-11-20 12:51:31 [ERROR]   OpenCV (cv2): NOT FOUND - No module named 'cv2'
2025-11-20 12:51:31 [INFO]   Qt Backend: PyQt6
2025-11-20 12:51:31 [INFO]   PyQt6: 6.10.0
2025-11-20 12:51:32 [INFO]   NumPy: 2.3.4
2025-11-20 12:51:32 [INFO] 
REQUIRED FILES CHECK:
2025-11-20 12:51:32 [INFO]   ✓ Test_with_img.lys: Found at C:\Users\gehl2\Auto_align_program\Test_with_img.lys
2025-11-20 12:51:32 [INFO]   ✓ Test.GDS: Found at C:\Users\gehl2\Auto_align_program\Test.GDS
2025-11-20 12:51:32 [INFO]   ✓ icon.ico: Found at C:\Users\gehl2\Auto_align_program\icon.ico
2025-11-20 12:51:32 [INFO]   ✓ console_runner.py: Found at C:\Users\gehl2\Auto_align_program\console_runner.py
2025-11-20 12:51:32 [INFO] ================================================================================
2025-11-20 12:51:32 [INFO] Starting Point Align GUI...
2025-11-20 12:51:32 [INFO] GUI initialized successfully
2025-11-20 12:53:42 [INFO] ================================================================================
2025-11-20 12:53:42 [INFO] PointAlign Debug Log - Session started at 2025-11-20 12:53:42.541439
2025-11-20 12:53:42 [INFO] ================================================================================
2025-11-20 12:53:42 [INFO] SYSTEM INFORMATION:
2025-11-20 12:53:42 [INFO]   OS: Windows 11 (10.0.26100)
2025-11-20 12:53:42 [INFO]   Platform: Windows-11-10.0.26100-SP0
2025-11-20 12:53:42 [INFO]   Architecture: AMD64
2025-11-20 12:53:42 [INFO]   Processor: Intel64 Family 6 Model 158 Stepping 10, GenuineIntel
2025-11-20 12:53:42 [INFO]   Python Version: 3.14.0 (tags/v3.14.0:ebf955d, Oct  7 2025, 10:15:03) [MSC v.1944 64 bit (AMD64)]
2025-11-20 12:53:42 [INFO]   Python Executable: C:\Python314\python.exe
2025-11-20 12:53:42 [INFO]   Running as: Python script
2025-11-20 12:53:42 [INFO]   Script directory: C:\Users\gehl2\Auto_align_program
2025-11-20 12:53:42 [INFO]   Working directory: C:\Users\gehl2\Auto_align_program
2025-11-20 12:53:42 [INFO] 
INSTALLED PACKAGES:
2025-11-20 12:53:42 [ERROR]   OpenCV (cv2): NOT FOUND - No module named 'cv2'
2025-11-20 12:53:42 [INFO]   Qt Backend: PyQt6
2025-11-20 12:53:42 [INFO]   PyQt6: 6.10.0
2025-11-20 12:53:42 [INFO]   NumPy: 2.3.4
2025-11-20 12:53:42 [INFO] 
REQUIRED FILES CHECK:
2025-11-20 12:53:42 [INFO]   ✓ Test_with_img.lys: Found at C:\Users\gehl2\Auto_align_program\Test_with_img.lys
2025-11-20 12:53:42 [INFO]   ✓ Test.GDS: Found at C:\Users\gehl2\Auto_align_program\Test.GDS
2025-11-20 12:53:42 [INFO]   ✓ icon.ico: Found at C:\Users\gehl2\Auto_align_program\icon.ico
2025-11-20 12:53:42 [INFO]   ✓ console_runner.py: Found at C:\Users\gehl2\Auto_align_program\console_runner.py
2025-11-20 12:53:42 [INFO] ================================================================================
2025-11-20 12:53:42 [INFO] Starting Point Align GUI...
2025-11-20 12:53:43 [INFO] GUI initialized successfully
2025-11-20 12:54:16 [INFO] ================================================================================
2025-11-20 12:54:16 [INFO] PointAlign Debug Log - Session started at 2025-11-20 12:54:16.571762
2025-11-20 12:54:16 [INFO] ================================================================================
2025-11-20 12:54:16 [INFO] SYSTEM INFORMATION:
2025-11-20 12:54:16 [INFO]   OS: Windows 11 (10.0.26100)
2025-11-20 12:54:16 [INFO]   Platform: Windows-11-10.0.26100-SP0
2025-11-20 12:54:16 [INFO]   Architecture: AMD64
2025-11-20 12:54:16 [INFO]   Processor: Intel64 Family 6 Model 158 Stepping 10, GenuineIntel
2025-11-20 12:54:16 [INFO]   Python Version: 3.14.0 (tags/v3.14.0:ebf955d, Oct  7 2025, 10:15:03) [MSC v.1944 64 bit (AMD64)]
2025-11-20 12:54:16 [INFO]   Python Executable: C:\Python314\python.exe
2025-11-20 12:54:16 [INFO]   Running as: Python script
2025-11-20 12:54:16 [INFO]   Script directory: C:\Users\gehl2\Auto_align_program
2025-11-20 12:54:16 [INFO]   Working directory: C:\Users\gehl2\Auto_align_program
2025-11-20 12:54:16 [INFO] 
INSTALLED PACKAGES:
2025-11-20 12:54:16 [ERROR]   OpenCV (cv2): NOT FOUND - No module named 'cv2'
2025-11-20 12:54:16 [INFO]   Qt Backend: PyQt6
2025-11-20 12:54:16 [INFO]   PyQt6: 6.10.0
2025-11-20 12:54:16 [INFO]   NumPy: 2.3.4
2025-11-20 12:54:16 [INFO] 
REQUIRED FILES CHECK:
2025-11-20 12:54:16 [INFO]   ✓ Test_with_img.lys: Found at C:\Users\gehl2\Auto_align_program\Test_with_img.lys
2025-11-20 12:54:16 [INFO]   ✓ Test.GDS: Found at C:\Users\gehl2\Auto_align_program\Test.GDS
2025-11-20 12:54:16 [INFO]   ✓ icon.ico: Found at C:\Users\gehl2\Auto_align_program\icon.ico
2025-11-20 12:54:16 [INFO]   ✓ console_runner.py: Found at C:\Users\gehl2\Auto_align_program\console_runner.py
2025-11-20 12:54:16 [INFO] ================================================================================
2025-11-20 12:54:16 [INFO] Starting Point Align GUI...
2025-11-20 12:54:17 [INFO] GUI initialized successfully
2025-11-20 12:55:19 [INFO] ================================================================================
2025-11-20 12:55:19 [INFO] PointAlign Debug Log - Session started at 2025-11-20 12:55:19.441465
2025-11-20 12:55:19 [INFO] ================================================================================
2025-11-20 12:55:19 [INFO] SYSTEM INFORMATION:
2025-11-20 12:55:19 [INFO]   OS: Windows 11 (10.0.26100)
2025-11-20 12:55:19 [INFO]   Platform: Windows-11-10.0.26100-SP0
2025-11-20 12:55:19 [INFO]   Architecture: AMD64
2025-11-20 12:55:19 [INFO]   Processor: Intel64 Family 6 Model 158 Stepping 10, GenuineIntel
2025-11-20 12:55:19 [INFO]   Python Version: 3.14.0 (tags/v3.14.0:ebf955d, Oct  7 2025, 10:15:03) [MSC v.1944 64 bit (AMD64)]
2025-11-20 12:55:19 [INFO]   Python Executable: C:\Python314\python.exe
2025-11-20 12:55:19 [INFO]   Running as: Python script
2025-11-20 12:55:19 [INFO]   Script directory: C:\Users\gehl2\Auto_align_program
2025-11-20 12:55:19 [INFO]   Working directory: C:\Users\gehl2\Auto_align_program
2025-11-20 12:55:19 [INFO] 
INSTALLED PACKAGES:
2025-11-20 12:55:19 [ERROR]   OpenCV (cv2): NOT FOUND - No module named 'cv2'
2025-11-20 12:55:19 [INFO]   Qt Backend: PyQt6
2025-11-20 12:55:19 [INFO]   PyQt6: 6.10.0
2025-11-20 12:55:19 [INFO]   NumPy: 2.3.4
2025-11-20 12:55:19 [INFO] 
REQUIRED FILES CHECK:
2025-11-20 12:55:19 [INFO]   ✓ Test_with_img.lys: Found at C:\Users\gehl2\Auto_align_program\Test_with_img.lys
2025-11-20 12:55:19 [INFO]   ✓ Test.GDS: Found at C:\Users\gehl2\Auto_align_program\Test.GDS
2025-11-20 12:55:19 [INFO]   ✓ icon.ico: Found at C:\Users\gehl2\Auto_align_program\icon.ico
2025-11-20 12:55:19 [INFO]   ✓ console_runner.py: Found at C:\Users\gehl2\Auto_align_program\console_runner.py
2025-11-20 12:55:19 [INFO] ================================================================================
2025-11-20 12:55:19 [INFO] Starting Point Align GUI...
2025-11-20 12:55:20 [INFO] GUI initialized successfully
2025-11-20 12:55:41 [INFO] ================================================================================
2025-11-20 12:55:41 [INFO] PointAlign Debug Log - Session started at 2025-11-20 12:55:41.982513
2025-11-20 12:55:41 [INFO] ================================================================================
2025-11-20 12:55:41 [INFO] SYSTEM INFORMATION:
2025-11-20 12:55:42 [INFO]   OS: Windows 11 (10.0.26100)
2025-11-20 12:55:42 [INFO]   Platform: Windows-11-10.0.26100-SP0
2025-11-20 12:55:42 [INFO]   Architecture: AMD64
2025-11-20 12:55:42 [INFO]   Processor: Intel64 Family 6 Model 158 Stepping 10, GenuineIntel
2025-11-20 12:55:42 [INFO]   Python Version: 3.14.0 (tags/v3.14.0:ebf955d, Oct  7 2025, 10:15:03) [MSC v.1944 64 bit (AMD64)]
2025-11-20 12:55:42 [INFO]   Python Executable: C:\Python314\python.exe
2025-11-20 12:55:42 [INFO]   Running as: Python script
2025-11-20 12:55:42 [INFO]   Script directory: C:\Users\gehl2\Auto_align_program
2025-11-20 12:55:42 [INFO]   Working directory: C:\Users\gehl2\Auto_align_program
2025-11-20 12:55:42 [INFO] 
INSTALLED PACKAGES:
2025-11-20 12:55:42 [ERROR]   OpenCV (cv2): NOT FOUND - No module named 'cv2'
2025-11-20 12:55:42 [INFO]   Qt Backend: PyQt6
2025-11-20 12:55:42 [INFO]   PyQt6: 6.10.0
2025-11-20 12:55:42 [INFO]   NumPy: 2.3.4
2025-11-20 12:55:42 [INFO] 
REQUIRED FILES CHECK:
2025-11-20 12:55:42 [INFO]   ✓ Test_with_img.lys: Found at C:\Users\gehl2\Auto_align_program\Test_with_img.lys
2025-11-20 12:55:42 [INFO]   ✓ Test.GDS: Found at C:\Users\gehl2\Auto_align_program\Test.GDS
2025-11-20 12:55:42 [INFO]   ✓ icon.ico: Found at C:\Users\gehl2\Auto_align_program\icon.ico
2025-11-20 12:55:42 [INFO]   ✓ console_runner.py: Found at C:\Users\gehl2\Auto_align_program\console_runner.py
2025-11-20 12:55:42 [INFO] ================================================================================
2025-11-20 12:55:42 [INFO] Starting Point Align GUI...
2025-11-20 12:55:42 [INFO] GUI initialized successfully
2025-11-20 12:58:14 [INFO] ================================================================================
2025-11-20 12:58:14 [INFO] PointAlign Debug Log - Session started at 2025-11-20 12:58:14.410160
2025-11-20 12:58:14 [INFO] ================================================================================
2025-11-20 12:58:14 [INFO] SYSTEM INFORMATION:
2025-11-20 12:58:14 [INFO]   OS: Windows 11 (10.0.26100)
2025-11-20 12:58:14 [INFO]   Platform: Windows-11-10.0.26100-SP0
2025-11-20 12:58:14 [INFO]   Architecture: AMD64
2025-11-20 12:58:14 [INFO]   Processor: Intel64 Family 6 Model 158 Stepping 10, GenuineIntel
2025-11-20 12:58:14 [INFO]   Python Version: 3.14.0 (tags/v3.14.0:ebf955d, Oct  7 2025, 10:15:03) [MSC v.1944 64 bit (AMD64)]
2025-11-20 12:58:14 [INFO]   Python Executable: C:\Python314\python.exe
2025-11-20 12:58:14 [INFO]   Running as: Python script
2025-11-20 12:58:14 [INFO]   Script directory: C:\Users\gehl2\Auto_align_program
2025-11-20 12:58:14 [INFO]   Working directory: C:\Users\gehl2\Auto_align_program
2025-11-20 12:58:14 [INFO] 
INSTALLED PACKAGES:
2025-11-20 12:58:14 [ERROR]   OpenCV (cv2): NOT FOUND - No module named 'cv2'
2025-11-20 12:58:14 [INFO]   Qt Backend: PyQt6
2025-11-20 12:58:14 [INFO]   PyQt6: 6.10.0
2025-11-20 12:58:14 [INFO]   NumPy: 2.3.4
2025-11-20 12:58:14 [INFO] 
REQUIRED FILES CHECK:
2025-11-20 12:58:14 [INFO]   ✓ Test_with_img.lys: Found at C:\Users\gehl2\Auto_align_program\Test_with_img.lys
2025-11-20 12:58:14 [INFO]   ✓ Test.GDS: Found at C:\Users\gehl2\Auto_align_program\Test.GDS
2025-11-20 12:58:14 [INFO]   ✓ icon.ico: Found at C:\Users\gehl2\Auto_align_program\icon.ico
2025-11-20 12:58:14 [INFO]   ✓ console_runner.py: Found at C:\Users\gehl2\Auto_align_program\console_runner.py
2025-11-20 12:58:14 [INFO] ================================================================================
2025-11-20 12:58:14 [INFO] Starting Point Align GUI...
2025-11-20 12:58:15 [INFO] GUI initialized successfully
2025-11-20 12:58:23 [INFO] ================================================================================
2025-11-20 12:58:23 [INFO] PointAlign Debug Log - Session started at 2025-11-20 12:58:23.865947
2025-11-20 12:58:23 [INFO] ================================================================================
2025-11-20 12:58:23 [INFO] SYSTEM INFORMATION:
2025-11-20 12:58:24 [INFO]   OS: Windows 11 (10.0.26100)
2025-11-20 12:58:24 [INFO]   Platform: Windows-11-10.0.26100-SP0
2025-11-20 12:58:24 [INFO]   Architecture: AMD64
2025-11-20 12:58:24 [INFO]   Processor: Intel64 Family 6 Model 158 Stepping 10, GenuineIntel
2025-11-20 12:58:24 [INFO]   Python Version: 3.14.0 (tags/v3.14.0:ebf955d, Oct  7 2025, 10:15:03) [MSC v.1944 64 bit (AMD64)]
2025-11-20 12:58:24 [INFO]   Python Executable: C:\Python314\python.exe
2025-11-20 12:58:24 [INFO]   Running as: Python script
2025-11-20 12:58:24 [INFO]   Script directory: C:\Users\gehl2\Auto_align_program
2025-11-20 12:58:24 [INFO]   Working directory: C:\Users\gehl2\Auto_align_program
2025-11-20 12:58:24 [INFO] 
INSTALLED PACKAGES:
2025-11-20 12:58:24 [ERROR]   OpenCV (cv2): NOT FOUND - No module named 'cv2'
2025-11-20 12:58:24 [INFO]   Qt Backend: PyQt6
2025-11-20 12:58:24 [INFO]   PyQt6: 6.10.0
2025-11-20 12:58:24 [INFO]   NumPy: 2.3.4
2025-11-20 12:58:24 [INFO] 
REQUIRED FILES CHECK:
2025-11-20 12:58:24 [INFO]   ✓ Test_with_img.lys: Found at C:\Users\gehl2\Auto_align_program\Test_with_img.lys
2025-11-20 12:58:24 [INFO]   ✓ Test.GDS: Found at C:\Users\gehl2\Auto_align_program\Test.GDS
2025-11-20 12:58:24 [INFO]   ✓ icon.ico: Found at C:\Users\gehl2\Auto_align_program\icon.ico
2025-11-20 12:58:24 [INFO]   ✓ console_runner.py: Found at C:\Users\gehl2\Auto_align_program\console_runner.py
2025-11-20 12:58:24 [INFO] ================================================================================
2025-11-20 12:58:24 [INFO] Starting Point Align GUI...
2025-11-20 12:58:24 [INFO] GUI initialized successfully
2025-11-20 12:58:31 [INFO] ================================================================================
2025-11-20 12:58:31 [INFO] PointAlign Debug Log - Session started at 2025-11-20 12:58:31.805367
2025-11-20 12:58:31 [INFO] ================================================================================
2025-11-20 12:58:31 [INFO] SYSTEM INFORMATION:
2025-11-20 12:58:31 [INFO]   OS: Windows 11 (10.0.26100)
2025-11-20 12:58:32 [INFO]   Platform: Windows-11-10.0.26100-SP0
2025-11-20 12:58:32 [INFO]   Architecture: AMD64
2025-11-20 12:58:32 [INFO]   Processor: Intel64 Family 6 Model 158 Stepping 10, GenuineIntel
2025-11-20 12:58:32 [INFO]   Python Version: 3.14.0 (tags/v3.14.0:ebf955d, Oct  7 2025, 10:15:03) [MSC v.1944 64 bit (AMD64)]
2025-11-20 12:58:32 [INFO]   Python Executable: C:\Python314\python.exe
2025-11-20 12:58:32 [INFO]   Running as: Python script
2025-11-20 12:58:32 [INFO]   Script directory: C:\Users\gehl2\Auto_align_program
2025-11-20 12:58:32 [INFO]   Working directory: C:\Users\gehl2\Auto_align_program
2025-11-20 12:58:32 [INFO] 
INSTALLED PACKAGES:
2025-11-20 12:58:32 [ERROR]   OpenCV (cv2): NOT FOUND - No module named 'cv2'
2025-11-20 12:58:32 [INFO]   Qt Backend: PyQt6
2025-11-20 12:58:32 [INFO]   PyQt6: 6.10.0
2025-11-20 12:58:32 [INFO]   NumPy: 2.3.4
2025-11-20 12:58:32 [INFO] 
REQUIRED FILES CHECK:
2025-11-20 12:58:32 [INFO]   ✓ Test_with_img.lys: Found at C:\Users\gehl2\Auto_align_program\Test_with_img.lys
2025-11-20 12:58:32 [INFO]   ✓ Test.GDS: Found at C:\Users\gehl2\Auto_align_program\Test.GDS
2025-11-20 12:58:32 [INFO]   ✓ icon.ico: Found at C:\Users\gehl2\Auto_align_program\icon.ico
2025-11-20 12:58:32 [INFO]   ✓ console_runner.py: Found at C:\Users\gehl2\Auto_align_program\console_runner.py
2025-11-20 12:58:32 [INFO] ================================================================================
2025-11-20 12:58:32 [INFO] Starting Point Align GUI...
2025-11-20 12:58:32 [INFO] GUI initialized successfully
2025-11-20 12:58:34 [INFO] ================================================================================
2025-11-20 12:58:34 [INFO] PointAlign Debug Log - Session started at 2025-11-20 12:58:34.041806
2025-11-20 12:58:34 [INFO] ================================================================================
2025-11-20 12:58:34 [INFO] SYSTEM INFORMATION:
2025-11-20 12:58:34 [INFO]   OS: Windows 11 (10.0.26100)
2025-11-20 12:58:34 [INFO]   Platform: Windows-11-10.0.26100-SP0
2025-11-20 12:58:34 [INFO]   Architecture: AMD64
2025-11-20 12:58:34 [INFO]   Processor: Intel64 Family 6 Model 158 Stepping 10, GenuineIntel
2025-11-20 12:58:34 [INFO]   Python Version: 3.14.0 (tags/v3.14.0:ebf955d, Oct  7 2025, 10:15:03) [MSC v.1944 64 bit (AMD64)]
2025-11-20 12:58:34 [INFO]   Python Executable: C:\Python314\python.exe
2025-11-20 12:58:34 [INFO]   Running as: Python script
2025-11-20 12:58:34 [INFO]   Script directory: C:\Users\gehl2\Auto_align_program
2025-11-20 12:58:34 [INFO]   Working directory: C:\Users\gehl2\Auto_align_program
2025-11-20 12:58:34 [INFO] 
INSTALLED PACKAGES:
2025-11-20 12:58:34 [ERROR]   OpenCV (cv2): NOT FOUND - No module named 'cv2'
2025-11-20 12:58:34 [INFO]   Qt Backend: PyQt6
2025-11-20 12:58:34 [INFO]   PyQt6: 6.10.0
2025-11-20 12:58:34 [INFO]   NumPy: 2.3.4
2025-11-20 12:58:34 [INFO] 
REQUIRED FILES CHECK:
2025-11-20 12:58:34 [INFO]   ✓ Test_with_img.lys: Found at C:\Users\gehl2\Auto_align_program\Test_with_img.lys
2025-11-20 12:58:34 [INFO]   ✓ Test.GDS: Found at C:\Users\gehl2\Auto_align_program\Test.GDS
2025-11-20 12:58:34 [INFO]   ✓ icon.ico: Found at C:\Users\gehl2\Auto_align_program\icon.ico
2025-11-20 12:58:34 [INFO]   ✓ console_runner.py: Found at C:\Users\gehl2\Auto_align_program\console_runner.py
2025-11-20 12:58:34 [INFO] ================================================================================
2025-11-20 12:58:34 [INFO] Starting Point Align GUI...
2025-11-20 12:58:34 [INFO] GUI initialized successfully
2025-11-20 12:58:57 [INFO] ================================================================================
2025-11-20 12:58:57 [INFO] PointAlign Debug Log - Session started at 2025-11-20 12:58:57.461966
2025-11-20 12:58:57 [INFO] ================================================================================
2025-11-20 12:58:57 [INFO] SYSTEM INFORMATION:
2025-11-20 12:58:57 [INFO]   OS: Windows 11 (10.0.26100)
2025-11-20 12:58:57 [INFO]   Platform: Windows-11-10.0.26100-SP0
2025-11-20 12:58:57 [INFO]   Architecture: AMD64
2025-11-20 12:58:57 [INFO]   Processor: Intel64 Family 6 Model 158 Stepping 10, GenuineIntel
2025-11-20 12:58:57 [INFO]   Python Version: 3.14.0 (tags/v3.14.0:ebf955d, Oct  7 2025, 10:15:03) [MSC v.1944 64 bit (AMD64)]
2025-11-20 12:58:57 [INFO]   Python Executable: C:\Python314\python.exe
2025-11-20 12:58:57 [INFO]   Running as: Python script
2025-11-20 12:58:57 [INFO]   Script directory: C:\Users\gehl2\Auto_align_program
2025-11-20 12:58:57 [INFO]   Working directory: C:\Users\gehl2\Auto_align_program
2025-11-20 12:58:57 [INFO] 
INSTALLED PACKAGES:
2025-11-20 12:58:57 [ERROR]   OpenCV (cv2): NOT FOUND - No module named 'cv2'
2025-11-20 12:58:57 [INFO]   Qt Backend: PyQt6
2025-11-20 12:58:57 [INFO]   PyQt6: 6.10.0
2025-11-20 12:58:57 [INFO]   NumPy: 2.3.4
2025-11-20 12:58:57 [INFO] 
REQUIRED FILES CHECK:
2025-11-20 12:58:57 [INFO]   ✓ Test_with_img.lys: Found at C:\Users\gehl2\Auto_align_program\Test_with_img.lys
2025-11-20 12:58:57 [INFO]   ✓ Test.GDS: Found at C:\Users\gehl2\Auto_align_program\Test.GDS
2025-11-20 12:58:57 [INFO]   ✓ icon.ico: Found at C:\Users\gehl2\Auto_align_program\icon.ico
2025-11-20 12:58:57 [INFO]   ✓ console_runner.py: Found at C:\Users\gehl2\Auto_align_program\console_runner.py
2025-11-20 12:58:57 [INFO] ================================================================================
2025-11-20 12:58:57 [INFO] Starting Point Align GUI...
2025-11-20 12:58:58 [INFO] GUI initialized successfully
2025-11-20 13:01:57 [INFO] ================================================================================
2025-11-20 13:01:57 [INFO] PointAlign Debug Log - Session started at 2025-11-20 13:01:57.692587
2025-11-20 13:01:57 [INFO] ================================================================================
2025-11-20 13:01:57 [INFO] SYSTEM INFORMATION:
2025-11-20 13:01:57 [INFO]   OS: Windows 11 (10.0.26100)
2025-11-20 13:01:57 [INFO]   Platform: Windows-11-10.0.26100-SP0
2025-11-20 13:01:57 [INFO]   Architecture: AMD64
2025-11-20 13:01:57 [INFO]   Processor: Intel64 Family 6 Model 158 Stepping 10, GenuineIntel
2025-11-20 13:01:57 [INFO]   Python Version: 3.14.0 (tags/v3.14.0:ebf955d, Oct  7 2025, 10:15:03) [MSC v.1944 64 bit (AMD64)]
2025-11-20 13:01:57 [INFO]   Python Executable: C:\Python314\python.exe
2025-11-20 13:01:57 [INFO]   Running as: Python script
2025-11-20 13:01:57 [INFO]   Script directory: C:\Users\gehl2\Auto_align_program
2025-11-20 13:01:57 [INFO]   Working directory: C:\Users\gehl2\Auto_align_program
2025-11-20 13:01:57 [INFO] 
INSTALLED PACKAGES:
2025-11-20 13:01:57 [ERROR]   OpenCV (cv2): NOT FOUND - No module named 'cv2'
2025-11-20 13:01:57 [INFO]   Qt Backend: PyQt6
2025-11-20 13:01:57 [INFO]   PyQt6: 6.10.0
2025-11-20 13:01:57 [INFO]   NumPy: 2.3.4
2025-11-20 13:01:57 [INFO] 
REQUIRED FILES CHECK:
2025-11-20 13:01:57 [INFO]   ✓ Test_with_img.lys: Found at C:\Users\gehl2\Auto_align_program\Test_with_img.lys
2025-11-20 13:01:57 [INFO]   ✓ Test.GDS: Found at C:\Users\gehl2\Auto_align_program\Test.GDS
2025-11-20 13:01:57 [INFO]   ✓ icon.ico: Found at C:\Users\gehl2\Auto_align_program\icon.ico
2025-11-20 13:01:57 [INFO]   ✓ console_runner.py: Found at C:\Users\gehl2\Auto_align_program\console_runner.py
2025-11-20 13:01:57 [INFO] ================================================================================
2025-11-20 13:01:57 [INFO] Starting Point Align GUI...
2025-11-20 13:01:58 [INFO] GUI initialized successfully
2025-11-20 13:03:13 [INFO] ================================================================================
2025-11-20 13:03:13 [INFO] PointAlign Debug Log - Session started at 2025-11-20 13:03:13.543629
2025-11-20 13:03:13 [INFO] ================================================================================
2025-11-20 13:03:13 [INFO] SYSTEM INFORMATION:
2025-11-20 13:03:13 [INFO]   OS: Windows 11 (10.0.26100)
2025-11-20 13:03:13 [INFO]   Platform: Windows-11-10.0.26100-SP0
2025-11-20 13:03:13 [INFO]   Architecture: AMD64
2025-11-20 13:03:13 [INFO]   Processor: Intel64 Family 6 Model 158 Stepping 10, GenuineIntel
2025-11-20 13:03:13 [INFO]   Python Version: 3.14.0 (tags/v3.14.0:ebf955d, Oct  7 2025, 10:15:03) [MSC v.1944 64 bit (AMD64)]
2025-11-20 13:03:13 [INFO]   Python Executable: C:\Python314\python.exe
2025-11-20 13:03:13 [INFO]   Running as: Python script
2025-11-20 13:03:13 [INFO]   Script directory: C:\Users\gehl2\Auto_align_program
2025-11-20 13:03:13 [INFO]   Working directory: C:\Users\gehl2\Auto_align_program
2025-11-20 13:03:13 [INFO] 
INSTALLED PACKAGES:
2025-11-20 13:03:13 [ERROR]   OpenCV (cv2): NOT FOUND - No module named 'cv2'
2025-11-20 13:03:13 [INFO]   Qt Backend: PyQt6
2025-11-20 13:03:13 [INFO]   PyQt6: 6.10.0
2025-11-20 13:03:13 [INFO]   NumPy: 2.3.4
2025-11-20 13:03:13 [INFO] 
REQUIRED FILES CHECK:
2025-11-20 13:03:13 [INFO]   ✓ Test_with_img.lys: Found at C:\Users\gehl2\Auto_align_program\Test_with_img.lys
2025-11-20 13:03:13 [INFO]   ✓ Test.GDS: Found at C:\Users\gehl2\Auto_align_program\Test.GDS
2025-11-20 13:03:13 [INFO]   ✓ icon.ico: Found at C:\Users\gehl2\Auto_align_program\icon.ico
2025-11-20 13:03:13 [INFO]   ✓ console_runner.py: Found at C:\Users\gehl2\Auto_align_program\console_runner.py
2025-11-20 13:03:13 [INFO] ================================================================================
2025-11-20 13:03:13 [INFO] Starting Point Align GUI...
2025-11-20 13:03:14 [INFO] GUI initialized successfully
2025-11-20 13:06:39 [INFO] ================================================================================
2025-11-20 13:06:39 [INFO] PointAlign Debug Log - Session started at 2025-11-20 13:06:39.367917
2025-11-20 13:06:39 [INFO] ================================================================================
2025-11-20 13:06:39 [INFO] SYSTEM INFORMATION:
2025-11-20 13:06:39 [INFO]   OS: Windows 11 (10.0.26100)
2025-11-20 13:06:39 [INFO]   Platform: Windows-11-10.0.26100-SP0
2025-11-20 13:06:39 [INFO]   Architecture: AMD64
2025-11-20 13:06:39 [INFO]   Processor: Intel64 Family 6 Model 158 Stepping 10, GenuineIntel
2025-11-20 13:06:39 [INFO]   Python Version: 3.14.0 (tags/v3.14.0:ebf955d, Oct  7 2025, 10:15:03) [MSC v.1944 64 bit (AMD64)]
2025-11-20 13:06:39 [INFO]   Python Executable: C:\Python314\python.exe
2025-11-20 13:06:39 [INFO]   Running as: Python script
2025-11-20 13:06:39 [INFO]   Script directory: C:\Users\gehl2\Auto_align_program
2025-11-20 13:06:39 [INFO]   Working directory: C:\Users\gehl2\Auto_align_program
2025-11-20 13:06:39 [INFO] 
INSTALLED PACKAGES:
2025-11-20 13:06:39 [ERROR]   OpenCV (cv2): NOT FOUND - No module named 'cv2'
2025-11-20 13:06:39 [INFO]   Qt Backend: PyQt6
2025-11-20 13:06:39 [INFO]   PyQt6: 6.10.0
2025-11-20 13:06:39 [INFO]   NumPy: 2.3.4
2025-11-20 13:06:39 [INFO] 
REQUIRED FILES CHECK:
2025-11-20 13:06:39 [INFO]   ✓ Test_with_img.lys: Found at C:\Users\gehl2\Auto_align_program\Test_with_img.lys
2025-11-20 13:06:39 [INFO]   ✓ Test.GDS: Found at C:\Users\gehl2\Auto_align_program\Test.GDS
2025-11-20 13:06:39 [INFO]   ✓ icon.ico: Found at C:\Users\gehl2\Auto_align_program\icon.ico
2025-11-20 13:06:39 [INFO]   ✓ console_runner.py: Found at C:\Users\gehl2\Auto_align_program\console_runner.py
2025-11-20 13:06:39 [INFO] ================================================================================
2025-11-20 13:06:39 [INFO] Starting Point Align GUI...
2025-11-20 13:06:40 [INFO] GUI initialized successfully
2025-11-20 13:08:12 [INFO] ================================================================================
2025-11-20 13:08:12 [INFO] PointAlign Debug Log - Session started at 2025-11-20 13:08:12.008639
2025-11-20 13:08:12 [INFO] ================================================================================
2025-11-20 13:08:12 [INFO] SYSTEM INFORMATION:
2025-11-20 13:08:12 [INFO]   OS: Windows 11 (10.0.26100)
2025-11-20 13:08:12 [INFO]   Platform: Windows-11-10.0.26100-SP0
2025-11-20 13:08:12 [INFO]   Architecture: AMD64
2025-11-20 13:08:12 [INFO]   Processor: Intel64 Family 6 Model 158 Stepping 10, GenuineIntel
2025-11-20 13:08:12 [INFO]   Python Version: 3.14.0 (tags/v3.14.0:ebf955d, Oct  7 2025, 10:15:03) [MSC v.1944 64 bit (AMD64)]
2025-11-20 13:08:12 [INFO]   Python Executable: C:\Python314\python.exe
2025-11-20 13:08:12 [INFO]   Running as: Python script
2025-11-20 13:08:12 [INFO]   Script directory: C:\Users\gehl2\Auto_align_program
2025-11-20 13:08:12 [INFO]   Working directory: C:\Users\gehl2\Auto_align_program
2025-11-20 13:08:12 [INFO] 
INSTALLED PACKAGES:
2025-11-20 13:08:12 [ERROR]   OpenCV (cv2): NOT FOUND - No module named 'cv2'
2025-11-20 13:08:12 [INFO]   Qt Backend: PyQt6
2025-11-20 13:08:12 [INFO]   PyQt6: 6.10.0
2025-11-20 13:08:12 [INFO]   NumPy: 2.3.4
2025-11-20 13:08:12 [INFO] 
REQUIRED FILES CHECK:
2025-11-20 13:08:12 [INFO]   ✓ Test_with_img.lys: Found at C:\Users\gehl2\Auto_align_program\Test_with_img.lys
2025-11-20 13:08:12 [INFO]   ✓ Test.GDS: Found at C:\Users\gehl2\Auto_align_program\Test.GDS
2025-11-20 13:08:12 [INFO]   ✓ icon.ico: Found at C:\Users\gehl2\Auto_align_program\icon.ico
2025-11-20 13:08:12 [INFO]   ✓ console_runner.py: Found at C:\Users\gehl2\Auto_align_program\console_runner.py
2025-11-20 13:08:12 [INFO] ================================================================================
2025-11-20 13:08:12 [INFO] Starting Point Align GUI...
2025-11-20 13:08:12 [INFO] GUI initialized successfully
2025-11-20 13:08:16 [INFO] ================================================================================
2025-11-20 13:08:16 [INFO] PointAlign Debug Log - Session started at 2025-11-20 13:08:16.165887
2025-11-20 13:08:16 [INFO] ================================================================================
2025-11-20 13:08:16 [INFO] SYSTEM INFORMATION:
2025-11-20 13:08:16 [INFO]   OS: Windows 11 (10.0.26100)
2025-11-20 13:08:16 [INFO]   Platform: Windows-11-10.0.26100-SP0
2025-11-20 13:08:16 [INFO]   Architecture: AMD64
2025-11-20 13:08:16 [INFO]   Processor: Intel64 Family 6 Model 158 Stepping 10, GenuineIntel
2025-11-20 13:08:16 [INFO]   Python Version: 3.14.0 (tags/v3.14.0:ebf955d, Oct  7 2025, 10:15:03) [MSC v.1944 64 bit (AMD64)]
2025-11-20 13:08:16 [INFO]   Python Executable: C:\Python314\python.exe
2025-11-20 13:08:16 [INFO]   Running as: Python script
2025-11-20 13:08:16 [INFO]   Script directory: C:\Users\gehl2\Auto_align_program
2025-11-20 13:08:16 [INFO]   Working directory: C:\Users\gehl2\Auto_align_program
2025-11-20 13:08:16 [INFO] 
INSTALLED PACKAGES:
2025-11-20 13:08:16 [ERROR]   OpenCV (cv2): NOT FOUND - No module named 'cv2'
2025-11-20 13:08:16 [INFO]   Qt Backend: PyQt6
2025-11-20 13:08:16 [INFO]   PyQt6: 6.10.0
2025-11-20 13:08:16 [INFO]   NumPy: 2.3.4
2025-11-20 13:08:16 [INFO] 
REQUIRED FILES CHECK:
2025-11-20 13:08:16 [INFO]   ✓ Test_with_img.lys: Found at C:\Users\gehl2\Auto_align_program\Test_with_img.lys
2025-11-20 13:08:16 [INFO]   ✓ Test.GDS: Found at C:\Users\gehl2\Auto_align_program\Test.GDS
2025-11-20 13:08:16 [INFO]   ✓ icon.ico: Found at C:\Users\gehl2\Auto_align_program\icon.ico
2025-11-20 13:08:16 [INFO]   ✓ console_runner.py: Found at C:\Users\gehl2\Auto_align_program\console_runner.py
2025-11-20 13:08:16 [INFO] ================================================================================
2025-11-20 13:08:16 [INFO] Starting Point Align GUI...
2025-11-20 13:08:17 [INFO] GUI initialized successfully
2025-11-20 13:09:47 [INFO] ================================================================================
2025-11-20 13:09:47 [INFO] PointAlign Debug Log - Session started at 2025-11-20 13:09:47.460567
2025-11-20 13:09:47 [INFO] ================================================================================
2025-11-20 13:09:47 [INFO] SYSTEM INFORMATION:
2025-11-20 13:09:47 [INFO]   OS: Windows 11 (10.0.26100)
2025-11-20 13:09:47 [INFO]   Platform: Windows-11-10.0.26100-SP0
2025-11-20 13:09:47 [INFO]   Architecture: AMD64
2025-11-20 13:09:47 [INFO]   Processor: Intel64 Family 6 Model 158 Stepping 10, GenuineIntel
2025-11-20 13:09:47 [INFO]   Python Version: 3.14.0 (tags/v3.14.0:ebf955d, Oct  7 2025, 10:15:03) [MSC v.1944 64 bit (AMD64)]
2025-11-20 13:09:47 [INFO]   Python Executable: C:\Python314\python.exe
2025-11-20 13:09:47 [INFO]   Running as: Python script
2025-11-20 13:09:47 [INFO]   Script directory: C:\Users\gehl2\Auto_align_program
2025-11-20 13:09:47 [INFO]   Working directory: C:\Users\gehl2\Auto_align_program
2025-11-20 13:09:47 [INFO] 
INSTALLED PACKAGES:
2025-11-20 13:09:47 [ERROR]   OpenCV (cv2): NOT FOUND - No module named 'cv2'
2025-11-20 13:09:47 [INFO]   Qt Backend: PyQt6
2025-11-20 13:09:47 [INFO]   PyQt6: 6.10.0
2025-11-20 13:09:47 [INFO]   NumPy: 2.3.4
2025-11-20 13:09:47 [INFO] 
REQUIRED FILES CHECK:
2025-11-20 13:09:47 [INFO]   ✓ Test_with_img.lys: Found at C:\Users\gehl2\Auto_align_program\Test_with_img.lys
2025-11-20 13:09:47 [INFO]   ✓ Test.GDS: Found at C:\Users\gehl2\Auto_align_program\Test.GDS
2025-11-20 13:09:47 [INFO]   ✓ icon.ico: Found at C:\Users\gehl2\Auto_align_program\icon.ico
2025-11-20 13:09:47 [INFO]   ✓ console_runner.py: Found at C:\Users\gehl2\Auto_align_program\console_runner.py
2025-11-20 13:09:47 [INFO] ================================================================================
2025-11-20 13:09:47 [INFO] Starting Point Align GUI...
2025-11-20 13:09:48 [INFO] GUI initialized successfully
2025-11-20 13:11:12 [INFO] ================================================================================
2025-11-20 13:11:12 [INFO] PointAlign Debug Log - Session started at 2025-11-20 13:11:12.352637
2025-11-20 13:11:12 [INFO] ================================================================================
2025-11-20 13:11:12 [INFO] SYSTEM INFORMATION:
2025-11-20 13:11:12 [INFO]   OS: Windows 11 (10.0.26100)
2025-11-20 13:11:12 [INFO]   Platform: Windows-11-10.0.26100-SP0
2025-11-20 13:11:12 [INFO]   Architecture: AMD64
2025-11-20 13:11:12 [INFO]   Processor: Intel64 Family 6 Model 158 Stepping 10, GenuineIntel
2025-11-20 13:11:12 [INFO]   Python Version: 3.14.0 (tags/v3.14.0:ebf955d, Oct  7 2025, 10:15:03) [MSC v.1944 64 bit (AMD64)]
2025-11-20 13:11:12 [INFO]   Python Executable: C:\Python314\python.exe
2025-11-20 13:11:12 [INFO]   Running as: Python script
2025-11-20 13:11:12 [INFO]   Script directory: C:\Users\gehl2\Auto_align_program
2025-11-20 13:11:12 [INFO]   Working directory: C:\Users\gehl2\Auto_align_program
2025-11-20 13:11:12 [INFO] 
INSTALLED PACKAGES:
2025-11-20 13:11:12 [ERROR]   OpenCV (cv2): NOT FOUND - No module named 'cv2'
2025-11-20 13:11:12 [INFO]   Qt Backend: PyQt6
2025-11-20 13:11:12 [INFO]   PyQt6: 6.10.0
2025-11-20 13:11:12 [INFO]   NumPy: 2.3.4
2025-11-20 13:11:12 [INFO] 
REQUIRED FILES CHECK:
2025-11-20 13:11:12 [INFO]   ✓ Test_with_img.lys: Found at C:\Users\gehl2\Auto_align_program\Test_with_img.lys
2025-11-20 13:11:12 [INFO]   ✓ Test.GDS: Found at C:\Users\gehl2\Auto_align_program\Test.GDS
2025-11-20 13:11:12 [INFO]   ✓ icon.ico: Found at C:\Users\gehl2\Auto_align_program\icon.ico
2025-11-20 13:11:12 [INFO]   ✓ console_runner.py: Found at C:\Users\gehl2\Auto_align_program\console_runner.py
2025-11-20 13:11:12 [INFO] ================================================================================
2025-11-20 13:11:12 [INFO] Starting Point Align GUI...
2025-11-20 13:11:13 [INFO] GUI initialized successfully
2025-11-20 13:11:45 [INFO] ================================================================================
2025-11-20 13:11:45 [INFO] PointAlign Debug Log - Session started at 2025-11-20 13:11:45.478716
2025-11-20 13:11:45 [INFO] ================================================================================
2025-11-20 13:11:45 [INFO] SYSTEM INFORMATION:
2025-11-20 13:11:45 [INFO]   OS: Windows 11 (10.0.26100)
2025-11-20 13:11:45 [INFO]   Platform: Windows-11-10.0.26100-SP0
2025-11-20 13:11:45 [INFO]   Architecture: AMD64
2025-11-20 13:11:45 [INFO]   Processor: Intel64 Family 6 Model 158 Stepping 10, GenuineIntel
2025-11-20 13:11:45 [INFO]   Python Version: 3.14.0 (tags/v3.14.0:ebf955d, Oct  7 2025, 10:15:03) [MSC v.1944 64 bit (AMD64)]
2025-11-20 13:11:45 [INFO]   Python Executable: C:\Python314\python.exe
2025-11-20 13:11:45 [INFO]   Running as: Python script
2025-11-20 13:11:45 [INFO]   Script directory: C:\Users\gehl2\Auto_align_program
2025-11-20 13:11:45 [INFO]   Working directory: C:\Users\gehl2\Auto_align_program
2025-11-20 13:11:45 [INFO] 
INSTALLED PACKAGES:
2025-11-20 13:11:45 [ERROR]   OpenCV (cv2): NOT FOUND - No module named 'cv2'
2025-11-20 13:11:45 [INFO]   Qt Backend: PyQt6
2025-11-20 13:11:45 [INFO]   PyQt6: 6.10.0
2025-11-20 13:11:45 [INFO]   NumPy: 2.3.4
2025-11-20 13:11:45 [INFO] 
REQUIRED FILES CHECK:
2025-11-20 13:11:45 [INFO]   ✓ Test_with_img.lys: Found at C:\Users\gehl2\Auto_align_program\Test_with_img.lys
2025-11-20 13:11:45 [INFO]   ✓ Test.GDS: Found at C:\Users\gehl2\Auto_align_program\Test.GDS
2025-11-20 13:11:45 [INFO]   ✓ icon.ico: Found at C:\Users\gehl2\Auto_align_program\icon.ico
2025-11-20 13:11:45 [INFO]   ✓ console_runner.py: Found at C:\Users\gehl2\Auto_align_program\console_runner.py
2025-11-20 13:11:45 [INFO] ================================================================================
2025-11-20 13:11:45 [INFO] Starting Point Align GUI...
2025-11-20 13:11:46 [INFO] GUI initialized successfully
2025-11-20 13:12:28 [INFO] Launching picker for IMG_2025_08_21_51204.JPG
2025-11-20 13:12:40 [INFO] Launching picker for IMG_2025_07_25_48938.JPG
2025-11-20 13:12:45 [INFO] ================================================================================
2025-11-20 13:12:45 [INFO] PointAlign Debug Log - Session started at 2025-11-20 13:12:45.057266
2025-11-20 13:12:45 [INFO] ================================================================================
2025-11-20 13:12:45 [INFO] SYSTEM INFORMATION:
2025-11-20 13:12:45 [INFO]   OS: Windows 11 (10.0.26100)
2025-11-20 13:12:45 [INFO]   Platform: Windows-11-10.0.26100-SP0
2025-11-20 13:12:45 [INFO]   Architecture: AMD64
2025-11-20 13:12:45 [INFO]   Processor: Intel64 Family 6 Model 158 Stepping 10, GenuineIntel
2025-11-20 13:12:45 [INFO]   Python Version: 3.14.0 (tags/v3.14.0:ebf955d, Oct  7 2025, 10:15:03) [MSC v.1944 64 bit (AMD64)]
2025-11-20 13:12:45 [INFO]   Python Executable: C:\Python314\python.exe
2025-11-20 13:12:45 [INFO]   Running as: Python script
2025-11-20 13:12:45 [INFO]   Script directory: C:\Users\gehl2\Auto_align_program
2025-11-20 13:12:45 [INFO]   Working directory: C:\Users\gehl2\Auto_align_program
2025-11-20 13:12:45 [INFO] 
INSTALLED PACKAGES:
2025-11-20 13:12:45 [ERROR]   OpenCV (cv2): NOT FOUND - No module named 'cv2'
2025-11-20 13:12:45 [INFO]   Qt Backend: PyQt6
2025-11-20 13:12:45 [INFO]   PyQt6: 6.10.0
2025-11-20 13:12:45 [INFO]   NumPy: 2.3.4
2025-11-20 13:12:45 [INFO] 
REQUIRED FILES CHECK:
2025-11-20 13:12:45 [INFO]   ✓ Test_with_img.lys: Found at C:\Users\gehl2\Auto_align_program\Test_with_img.lys
2025-11-20 13:12:45 [INFO]   ✓ Test.GDS: Found at C:\Users\gehl2\Auto_align_program\Test.GDS
2025-11-20 13:12:45 [INFO]   ✓ icon.ico: Found at C:\Users\gehl2\Auto_align_program\icon.ico
2025-11-20 13:12:45 [INFO]   ✓ console_runner.py: Found at C:\Users\gehl2\Auto_align_program\console_runner.py
2025-11-20 13:12:45 [INFO] ================================================================================
2025-11-20 13:12:45 [INFO] Starting Point Align GUI...
2025-11-20 13:12:45 [INFO] GUI initialized successfully
2025-11-20 13:12:58 [INFO] Launching picker for IMG_2025_07_25_48937.JPG
2025-11-20 13:13:06 [INFO] Launching picker for IMG_2025_07_25_48936.JPG
2025-11-20 13:13:12 [INFO] Launching picker for IMG_2025_07_25_48935.JPG
2025-11-20 13:13:14 [INFO] Launching picker for IMG_2025_07_11_46845.JPG
2025-11-20 13:13:49 [INFO] Launching picker for IMG_2025_07_25_48937.JPG
2025-11-20 13:13:53 [INFO] Launching picker for IMG_2025_07_25_48935.JPG
2025-11-20 13:13:56 [INFO] Launching picker for IMG_2025_07_11_46845.JPG
2025-11-20 13:19:34 [INFO] ================================================================================
2025-11-20 13:19:34 [INFO] PointAlign Debug Log - Session started at 2025-11-20 13:19:34.829133
2025-11-20 13:19:34 [INFO] ================================================================================
2025-11-20 13:19:34 [INFO] SYSTEM INFORMATION:
2025-11-20 13:19:34 [INFO]   OS: Windows 11 (10.0.26100)
2025-11-20 13:19:35 [INFO]   Platform: Windows-11-10.0.26100-SP0
2025-11-20 13:19:35 [INFO]   Architecture: AMD64
2025-11-20 13:19:35 [INFO]   Processor: Intel64 Family 6 Model 158 Stepping 10, GenuineIntel
2025-11-20 13:19:35 [INFO]   Python Version: 3.14.0 (tags/v3.14.0:ebf955d, Oct  7 2025, 10:15:03) [MSC v.1944 64 bit (AMD64)]
2025-11-20 13:19:35 [INFO]   Python Executable: C:\Python314\python.exe
2025-11-20 13:19:35 [INFO]   Running as: Python script
2025-11-20 13:19:35 [INFO]   Script directory: C:\Users\gehl2\Auto_align_program
2025-11-20 13:19:35 [INFO]   Working directory: C:\Users\gehl2\Auto_align_program
2025-11-20 13:19:35 [INFO] 
INSTALLED PACKAGES:
2025-11-20 13:19:35 [ERROR]   OpenCV (cv2): NOT FOUND - No module named 'cv2'
2025-11-20 13:19:35 [INFO]   Qt Backend: PyQt6
2025-11-20 13:19:35 [INFO]   PyQt6: 6.10.0
2025-11-20 13:19:35 [INFO]   NumPy: 2.3.4
2025-11-20 13:19:35 [INFO] 
REQUIRED FILES CHECK:
2025-11-20 13:19:35 [INFO]   ✓ Test_with_img.lys: Found at C:\Users\gehl2\Auto_align_program\Test_with_img.lys
2025-11-20 13:19:35 [INFO]   ✓ Test.GDS: Found at C:\Users\gehl2\Auto_align_program\Test.GDS
2025-11-20 13:19:35 [INFO]   ✓ icon.ico: Found at C:\Users\gehl2\Auto_align_program\icon.ico
2025-11-20 13:19:35 [INFO]   ✓ console_runner.py: Found at C:\Users\gehl2\Auto_align_program\console_runner.py
2025-11-20 13:19:35 [INFO] ================================================================================
2025-11-20 13:19:35 [INFO] Starting Point Align GUI...
2025-11-20 13:19:35 [INFO] GUI initialized successfully
2025-11-20 13:21:29 [INFO] ================================================================================
2025-11-20 13:21:29 [INFO] PointAlign Debug Log - Session started at 2025-11-20 13:21:29.147846
2025-11-20 13:21:29 [INFO] ================================================================================
2025-11-20 13:21:29 [INFO] SYSTEM INFORMATION:
2025-11-20 13:21:29 [INFO]   OS: Windows 11 (10.0.26100)
2025-11-20 13:21:29 [INFO]   Platform: Windows-11-10.0.26100-SP0
2025-11-20 13:21:29 [INFO]   Architecture: AMD64
2025-11-20 13:21:29 [INFO]   Processor: Intel64 Family 6 Model 158 Stepping 10, GenuineIntel
2025-11-20 13:21:29 [INFO]   Python Version: 3.14.0 (tags/v3.14.0:ebf955d, Oct  7 2025, 10:15:03) [MSC v.1944 64 bit (AMD64)]
2025-11-20 13:21:29 [INFO]   Python Executable: C:\Python314\python.exe
2025-11-20 13:21:29 [INFO]   Running as: Python script
2025-11-20 13:21:29 [INFO]   Script directory: C:\Users\gehl2\Auto_align_program
2025-11-20 13:21:29 [INFO]   Working directory: C:\Users\gehl2\Auto_align_program
2025-11-20 13:21:29 [INFO] 
INSTALLED PACKAGES:
2025-11-20 13:21:29 [ERROR]   OpenCV (cv2): NOT FOUND - No module named 'cv2'
2025-11-20 13:21:29 [INFO]   Qt Backend: PyQt6
2025-11-20 13:21:29 [INFO]   PyQt6: 6.10.0
2025-11-20 13:21:29 [INFO]   NumPy: 2.3.4
2025-11-20 13:21:29 [INFO] 
REQUIRED FILES CHECK:
2025-11-20 13:21:29 [INFO]   ✓ Test_with_img.lys: Found at C:\Users\gehl2\Auto_align_program\Test_with_img.lys
2025-11-20 13:21:29 [INFO]   ✓ Test.GDS: Found at C:\Users\gehl2\Auto_align_program\Test.GDS
2025-11-20 13:21:29 [INFO]   ✓ icon.ico: Found at C:\Users\gehl2\Auto_align_program\icon.ico
2025-11-20 13:21:29 [INFO]   ✓ console_runner.py: Found at C:\Users\gehl2\Auto_align_program\console_runner.py
2025-11-20 13:21:29 [INFO] ================================================================================
2025-11-20 13:21:29 [INFO] Starting Point Align GUI...
2025-11-20 13:21:30 [INFO] GUI initialized successfully
2025-11-20 13:23:23 [INFO] ================================================================================
2025-11-20 13:23:23 [INFO] PointAlign Debug Log - Session started at 2025-11-20 13:23:23.455363
2025-11-20 13:23:23 [INFO] ================================================================================
2025-11-20 13:23:23 [INFO] SYSTEM INFORMATION:
2025-11-20 13:23:23 [INFO]   OS: Windows 11 (10.0.26100)
2025-11-20 13:23:23 [INFO]   Platform: Windows-11-10.0.26100-SP0
2025-11-20 13:23:23 [INFO]   Architecture: AMD64
2025-11-20 13:23:23 [INFO]   Processor: Intel64 Family 6 Model 158 Stepping 10, GenuineIntel
2025-11-20 13:23:23 [INFO]   Python Version: 3.14.0 (tags/v3.14.0:ebf955d, Oct  7 2025, 10:15:03) [MSC v.1944 64 bit (AMD64)]
2025-11-20 13:23:23 [INFO]   Python Executable: C:\Python314\python.exe
2025-11-20 13:23:23 [INFO]   Running as: Python script
2025-11-20 13:23:23 [INFO]   Script directory: C:\Users\gehl2\Auto_align_program
2025-11-20 13:23:23 [INFO]   Working directory: C:\Users\gehl2\Auto_align_program
2025-11-20 13:23:23 [INFO] 
INSTALLED PACKAGES:
2025-11-20 13:23:23 [ERROR]   OpenCV (cv2): NOT FOUND - No module named 'cv2'
2025-11-20 13:23:23 [INFO]   Qt Backend: PyQt6
2025-11-20 13:23:23 [INFO]   PyQt6: 6.10.0
2025-11-20 13:23:23 [INFO]   NumPy: 2.3.4
2025-11-20 13:23:23 [INFO] 
REQUIRED FILES CHECK:
2025-11-20 13:23:23 [INFO]   ✓ Test_with_img.lys: Found at C:\Users\gehl2\Auto_align_program\Test_with_img.lys
2025-11-20 13:23:23 [INFO]   ✓ Test.GDS: Found at C:\Users\gehl2\Auto_align_program\Test.GDS
2025-11-20 13:23:23 [INFO]   ✓ icon.ico: Found at C:\Users\gehl2\Auto_align_program\icon.ico
2025-11-20 13:23:23 [INFO]   ✓ console_runner.py: Found at C:\Users\gehl2\Auto_align_program\console_runner.py
2025-11-20 13:23:23 [INFO] ================================================================================
2025-11-20 13:23:23 [INFO] Starting Point Align GUI...
2025-11-20 13:23:24 [INFO] GUI initialized successfully
2025-11-20 13:25:40 [INFO] ================================================================================
2025-11-20 13:25:40 [INFO] PointAlign Debug Log - Session started at 2025-11-20 13:25:40.786798
2025-11-20 13:25:40 [INFO] ================================================================================
2025-11-20 13:25:40 [INFO] SYSTEM INFORMATION:
2025-11-20 13:25:40 [INFO]   OS: Windows 11 (10.0.26100)
2025-11-20 13:25:40 [INFO]   Platform: Windows-11-10.0.26100-SP0
2025-11-20 13:25:40 [INFO]   Architecture: AMD64
2025-11-20 13:25:40 [INFO]   Processor: Intel64 Family 6 Model 158 Stepping 10, GenuineIntel
2025-11-20 13:25:40 [INFO]   Python Version: 3.14.0 (tags/v3.14.0:ebf955d, Oct  7 2025, 10:15:03) [MSC v.1944 64 bit (AMD64)]
2025-11-20 13:25:40 [INFO]   Python Executable: C:\Python314\python.exe
2025-11-20 13:25:40 [INFO]   Running as: Python script
2025-11-20 13:25:40 [INFO]   Script directory: C:\Users\gehl2\Auto_align_program
2025-11-20 13:25:40 [INFO]   Working directory: C:\Users\gehl2\Auto_align_program
2025-11-20 13:25:40 [INFO] 
INSTALLED PACKAGES:
2025-11-20 13:25:40 [ERROR]   OpenCV (cv2): NOT FOUND - No module named 'cv2'
2025-11-20 13:25:40 [INFO]   Qt Backend: PyQt6
2025-11-20 13:25:40 [INFO]   PyQt6: 6.10.0
2025-11-20 13:25:41 [INFO]   NumPy: 2.3.4
2025-11-20 13:25:41 [INFO] 
REQUIRED FILES CHECK:
2025-11-20 13:25:41 [INFO]   ✓ Test_with_img.lys: Found at C:\Users\gehl2\Auto_align_program\Test_with_img.lys
2025-11-20 13:25:41 [INFO]   ✓ Test.GDS: Found at C:\Users\gehl2\Auto_align_program\Test.GDS
2025-11-20 13:25:41 [INFO]   ✓ icon.ico: Found at C:\Users\gehl2\Auto_align_program\icon.ico
2025-11-20 13:25:41 [INFO]   ✓ console_runner.py: Found at C:\Users\gehl2\Auto_align_program\console_runner.py
2025-11-20 13:25:41 [INFO] ================================================================================
2025-11-20 13:25:41 [INFO] Starting Point Align GUI...
2025-11-20 13:25:41 [INFO] GUI initialized successfully
2025-11-20 13:27:28 [INFO] Launching picker for IMG_2025_08_21_51204.JPG
2025-11-20 13:27:40 [INFO] Run log file: C:\Users\gehl2\AppData\Local\Temp\PointAlign_run_20251120_132740.log
2025-11-20 13:27:40 [DEBUG] Using Python command: ['py', '-3']
2025-11-20 13:27:40 [INFO] Starting subprocess:
2025-11-20 13:27:40 [INFO]   Command: py -3 -u C:\Users\gehl2\Auto_align_program\point_align_batch_runner_gui.py --files C:/Users/gehl2/Downloads/IMG_2025_08_21_51204.JPG --lys-in C:\Users\gehl2\Auto_align_program\Test_with_img.lys --after (-50,60),(70,60),(-50,-60),(70,-60) --affine --combined-out C:\Users\gehl2\Desktop\Aligned33ByMRL-PENGJIEW-19.lys --auto-review --gds-file C:\Users\gehl2\Auto_align_program\Test.GDS --before (-129.7,17.0),(131.5,16.6),(-130.3,-244.9),(132.2,-246.0)
2025-11-20 13:27:40 [DEBUG] Starting subprocess with creationflags=134217728
2025-11-20 13:27:41 [DEBUG]   [STDOUT] usage: point_align_batch_runner_gui.py [-h] [--glob GLOB |
2025-11-20 13:27:41 [DEBUG]   [STDOUT]                                        --files FILES [FILES ...]] [--gui]
2025-11-20 13:27:41 [DEBUG]   [STDOUT]                                        --lys-in LYS_IN [--out-dir OUT_DIR]
2025-11-20 13:27:41 [DEBUG]   [STDOUT]                                        [--out-suffix OUT_SUFFIX]
2025-11-20 13:27:41 [DEBUG]   [STDOUT]                                        [--combined-out COMBINED_OUT]
2025-11-20 13:27:41 [DEBUG]   [STDOUT]                                        [--affine]
2025-11-20 13:27:41 [DEBUG]   [STDOUT]                                        [--rms-thresh-um RMS_THRESH_UM]
2025-11-20 13:27:41 [DEBUG]   [STDOUT]                                        --after AFTER [--origin-um ORIGIN_UM]
2025-11-20 13:27:41 [DEBUG]   [STDOUT]                                        [--auto] [--auto-review]
2025-11-20 13:27:41 [DEBUG]   [STDOUT]                                        [--auto-canny AUTO_CANNY]
2025-11-20 13:27:41 [DEBUG]   [STDOUT]                                        [--auto-thr AUTO_THR] [--auto-c AUTO_C]
2025-11-20 13:27:41 [DEBUG]   [STDOUT]                                        [--auto-morph AUTO_MORPH]
2025-11-20 13:27:41 [DEBUG]   [STDOUT]                                        [--gds-file GDS_FILE]
2025-11-20 13:27:41 [DEBUG]   [STDOUT] point_align_batch_runner_gui.py: error: unrecognized arguments: --before (-129.7,17.0),(131.5,16.6),(-130.3,-244.9),(132.2,-246.0)
2025-11-20 13:27:41 [INFO] Process completed with exit code: 2
2025-11-20 13:29:15 [INFO] ================================================================================
2025-11-20 13:29:15 [INFO] PointAlign Debug Log - Session started at 2025-11-20 13:29:15.350915
2025-11-20 13:29:15 [INFO] ================================================================================
2025-11-20 13:29:15 [INFO] SYSTEM INFORMATION:
2025-11-20 13:29:15 [INFO]   OS: Windows 11 (10.0.26100)
2025-11-20 13:29:15 [INFO]   Platform: Windows-11-10.0.26100-SP0
2025-11-20 13:29:15 [INFO]   Architecture: AMD64
2025-11-20 13:29:15 [INFO]   Processor: Intel64 Family 6 Model 158 Stepping 10, GenuineIntel
2025-11-20 13:29:15 [INFO]   Python Version: 3.14.0 (tags/v3.14.0:ebf955d, Oct  7 2025, 10:15:03) [MSC v.1944 64 bit (AMD64)]
2025-11-20 13:29:15 [INFO]   Python Executable: C:\Python314\python.exe
2025-11-20 13:29:15 [INFO]   Running as: Python script
2025-11-20 13:29:15 [INFO]   Script directory: C:\Users\gehl2\Auto_align_program
2025-11-20 13:29:15 [INFO]   Working directory: C:\Users\gehl2\Auto_align_program
2025-11-20 13:29:15 [INFO] 
INSTALLED PACKAGES:
2025-11-20 13:29:15 [ERROR]   OpenCV (cv2): NOT FOUND - No module named 'cv2'
2025-11-20 13:29:15 [INFO]   Qt Backend: PyQt6
2025-11-20 13:29:15 [INFO]   PyQt6: 6.10.0
2025-11-20 13:29:15 [INFO]   NumPy: 2.3.4
2025-11-20 13:29:15 [INFO] 
REQUIRED FILES CHECK:
2025-11-20 13:29:15 [INFO]   ✓ Test_with_img.lys: Found at C:\Users\gehl2\Auto_align_program\Test_with_img.lys
2025-11-20 13:29:15 [INFO]   ✓ Test.GDS: Found at C:\Users\gehl2\Auto_align_program\Test.GDS
2025-11-20 13:29:15 [INFO]   ✓ icon.ico: Found at C:\Users\gehl2\Auto_align_program\icon.ico
2025-11-20 13:29:15 [INFO]   ✓ console_runner.py: Found at C:\Users\gehl2\Auto_align_program\console_runner.py
2025-11-20 13:29:15 [INFO] ================================================================================
2025-11-20 13:29:15 [INFO] Starting Point Align GUI...
2025-11-20 13:29:16 [INFO] GUI initialized successfully
2025-11-20 13:31:24 [INFO] ================================================================================
2025-11-20 13:31:24 [INFO] PointAlign Debug Log - Session started at 2025-11-20 13:31:24.318633
2025-11-20 13:31:24 [INFO] ================================================================================
2025-11-20 13:31:24 [INFO] SYSTEM INFORMATION:
2025-11-20 13:31:24 [INFO]   OS: Windows 11 (10.0.26100)
2025-11-20 13:31:24 [INFO]   Platform: Windows-11-10.0.26100-SP0
2025-11-20 13:31:24 [INFO]   Architecture: AMD64
2025-11-20 13:31:24 [INFO]   Processor: Intel64 Family 6 Model 158 Stepping 10, GenuineIntel
2025-11-20 13:31:24 [INFO]   Python Version: 3.14.0 (tags/v3.14.0:ebf955d, Oct  7 2025, 10:15:03) [MSC v.1944 64 bit (AMD64)]
2025-11-20 13:31:24 [INFO]   Python Executable: C:\Python314\python.exe
2025-11-20 13:31:24 [INFO]   Running as: Python script
2025-11-20 13:31:24 [INFO]   Script directory: C:\Users\gehl2\Auto_align_program
2025-11-20 13:31:24 [INFO]   Working directory: C:\Users\gehl2\Auto_align_program
2025-11-20 13:31:24 [INFO] 
INSTALLED PACKAGES:
2025-11-20 13:31:24 [ERROR]   OpenCV (cv2): NOT FOUND - No module named 'cv2'
2025-11-20 13:31:24 [INFO]   Qt Backend: PyQt6
2025-11-20 13:31:24 [INFO]   PyQt6: 6.10.0
2025-11-20 13:31:24 [INFO]   NumPy: 2.3.4
2025-11-20 13:31:24 [INFO] 
REQUIRED FILES CHECK:
2025-11-20 13:31:24 [INFO]   ✓ Test_with_img.lys: Found at C:\Users\gehl2\Auto_align_program\Test_with_img.lys
2025-11-20 13:31:24 [INFO]   ✓ Test.GDS: Found at C:\Users\gehl2\Auto_align_program\Test.GDS
2025-11-20 13:31:24 [INFO]   ✓ icon.ico: Found at C:\Users\gehl2\Auto_align_program\icon.ico
2025-11-20 13:31:24 [INFO]   ✓ console_runner.py: Found at C:\Users\gehl2\Auto_align_program\console_runner.py
2025-11-20 13:31:24 [INFO] ================================================================================
2025-11-20 13:31:24 [INFO] Starting Point Align GUI...
2025-11-20 13:31:25 [INFO] GUI initialized successfully
2025-11-20 13:33:00 [INFO] Launching picker for IMG_2025_07_25_48936.JPG
2025-11-20 13:33:12 [INFO] Launching picker for IMG_2025_07_25_48935.JPG
2025-11-20 13:33:21 [INFO] ================================================================================
2025-11-20 13:33:21 [INFO] PointAlign Debug Log - Session started at 2025-11-20 13:33:21.556292
2025-11-20 13:33:21 [INFO] ================================================================================
2025-11-20 13:33:21 [INFO] SYSTEM INFORMATION:
2025-11-20 13:33:21 [INFO]   OS: Windows 11 (10.0.26100)
2025-11-20 13:33:21 [INFO]   Platform: Windows-11-10.0.26100-SP0
2025-11-20 13:33:21 [INFO]   Architecture: AMD64
2025-11-20 13:33:21 [INFO]   Processor: Intel64 Family 6 Model 158 Stepping 10, GenuineIntel
2025-11-20 13:33:21 [INFO]   Python Version: 3.14.0 (tags/v3.14.0:ebf955d, Oct  7 2025, 10:15:03) [MSC v.1944 64 bit (AMD64)]
2025-11-20 13:33:21 [INFO]   Python Executable: C:\Python314\python.exe
2025-11-20 13:33:21 [INFO]   Running as: Python script
2025-11-20 13:33:21 [INFO]   Script directory: C:\Users\gehl2\Auto_align_program
2025-11-20 13:33:21 [INFO]   Working directory: C:\Users\gehl2\Auto_align_program
2025-11-20 13:33:21 [INFO] 
INSTALLED PACKAGES:
2025-11-20 13:33:21 [ERROR]   OpenCV (cv2): NOT FOUND - No module named 'cv2'
2025-11-20 13:33:21 [INFO]   Qt Backend: PyQt6
2025-11-20 13:33:21 [INFO]   PyQt6: 6.10.0
2025-11-20 13:33:21 [INFO]   NumPy: 2.3.4
2025-11-20 13:33:21 [INFO] 
REQUIRED FILES CHECK:
2025-11-20 13:33:21 [INFO]   ✓ Test_with_img.lys: Found at C:\Users\gehl2\Auto_align_program\Test_with_img.lys
2025-11-20 13:33:21 [INFO]   ✓ Test.GDS: Found at C:\Users\gehl2\Auto_align_program\Test.GDS
2025-11-20 13:33:21 [INFO]   ✓ icon.ico: Found at C:\Users\gehl2\Auto_align_program\icon.ico
2025-11-20 13:33:21 [INFO]   ✓ console_runner.py: Found at C:\Users\gehl2\Auto_align_program\console_runner.py
2025-11-20 13:33:21 [INFO] ================================================================================
2025-11-20 13:33:21 [INFO] Starting Point Align GUI...
2025-11-20 13:33:22 [INFO] GUI initialized successfully
2025-11-20 13:33:42 [INFO] Launching picker for IMG_2025_07_11_46845.JPG
2025-11-20 13:33:57 [INFO] Run log file: C:\Users\gehl2\AppData\Local\Temp\PointAlign_run_20251120_133357.log
2025-11-20 13:33:57 [DEBUG] Using Python command: ['py', '-3']
2025-11-20 13:33:57 [INFO] Starting subprocess:
2025-11-20 13:33:57 [INFO]   Command: py -3 -u C:\Users\gehl2\Auto_align_program\point_align_batch_runner_gui.py --files C:/Users/gehl2/Downloads/IMG_2025_07_25_48936.JPG C:/Users/gehl2/Downloads/IMG_2025_07_25_48935.JPG C:/Users/gehl2/Downloads/IMG_2025_07_11_46845.JPG --lys-in C:\Users\gehl2\Auto_align_program\Test_with_img.lys --after (-50,60),(70,60),(-50,-60),(70,-60) --affine --combined-out C:\Users\gehl2\Desktop\Aligned38ByMRL-PENGJIEW-19.lys --auto-review --gds-file C:\Users\gehl2\Auto_align_program\Test.GDS --before (-720.8,560.4),(330.1,562.9),(-716.6,-491.1),(333.0,-485.8) --before (-1667.6,1484.3),(975.8,1488.7),(-1651.7,-1159.0),(981.8,-1143.8) --before (-688.7,473.5),(361.9,485.4),(-677.3,-576.8),(373.5,-564.2)
2025-11-20 13:33:57 [DEBUG] Starting subprocess with creationflags=134217728
2025-11-20 13:33:57 [DEBUG]   [STDOUT] usage: point_align_batch_runner_gui.py [-h] [--glob GLOB |
2025-11-20 13:33:57 [DEBUG]   [STDOUT]                                        --files FILES [FILES ...]] [--gui]
2025-11-20 13:33:57 [DEBUG]   [STDOUT]                                        --lys-in LYS_IN [--out-dir OUT_DIR]
2025-11-20 13:33:57 [DEBUG]   [STDOUT]                                        [--out-suffix OUT_SUFFIX]
2025-11-20 13:33:57 [DEBUG]   [STDOUT]                                        [--combined-out COMBINED_OUT]
2025-11-20 13:33:57 [DEBUG]   [STDOUT]                                        [--affine]
2025-11-20 13:33:57 [DEBUG]   [STDOUT]                                        [--rms-thresh-um RMS_THRESH_UM]
2025-11-20 13:33:57 [DEBUG]   [STDOUT]                                        --after AFTER [--origin-um ORIGIN_UM]
2025-11-20 13:33:57 [DEBUG]   [STDOUT]                                        [--auto] [--auto-review]
2025-11-20 13:33:57 [DEBUG]   [STDOUT]                                        [--auto-canny AUTO_CANNY]
2025-11-20 13:33:57 [DEBUG]   [STDOUT]                                        [--auto-thr AUTO_THR] [--auto-c AUTO_C]
2025-11-20 13:33:57 [DEBUG]   [STDOUT]                                        [--auto-morph AUTO_MORPH]
2025-11-20 13:33:57 [DEBUG]   [STDOUT]                                        [--gds-file GDS_FILE]
2025-11-20 13:33:57 [DEBUG]   [STDOUT] point_align_batch_runner_gui.py: error: unrecognized arguments: --before (-720.8,560.4),(330.1,562.9),(-716.6,-491.1),(333.0,-485.8) --before (-1667.6,1484.3),(975.8,1488.7),(-1651.7,-1159.0),(981.8,-1143.8) --before (-688.7,473.5),(361.9,485.4),(-677.3,-576.8),(373.5,-564.2)
2025-11-20 13:33:57 [INFO] Process completed with exit code: 2
2025-11-20 13:35:41 [INFO] ================================================================================
2025-11-20 13:35:41 [INFO] PointAlign Debug Log - Session started at 2025-11-20 13:35:41.641293
2025-11-20 13:35:41 [INFO] ================================================================================
2025-11-20 13:35:41 [INFO] SYSTEM INFORMATION:
2025-11-20 13:35:41 [INFO]   OS: Windows 11 (10.0.26100)
2025-11-20 13:35:41 [INFO]   Platform: Windows-11-10.0.26100-SP0
2025-11-20 13:35:41 [INFO]   Architecture: AMD64
2025-11-20 13:35:41 [INFO]   Processor: Intel64 Family 6 Model 158 Stepping 10, GenuineIntel
2025-11-20 13:35:41 [INFO]   Python Version: 3.14.0 (tags/v3.14.0:ebf955d, Oct  7 2025, 10:15:03) [MSC v.1944 64 bit (AMD64)]
2025-11-20 13:35:41 [INFO]   Python Executable: C:\Python314\python.exe
2025-11-20 13:35:41 [INFO]   Running as: Python script
2025-11-20 13:35:41 [INFO]   Script directory: C:\Users\gehl2\Auto_align_program
2025-11-20 13:35:41 [INFO]   Working directory: C:\Users\gehl2\Auto_align_program
2025-11-20 13:35:41 [INFO] 
INSTALLED PACKAGES:
2025-11-20 13:35:41 [ERROR]   OpenCV (cv2): NOT FOUND - No module named 'cv2'
2025-11-20 13:35:41 [INFO]   Qt Backend: PyQt6
2025-11-20 13:35:41 [INFO]   PyQt6: 6.10.0
2025-11-20 13:35:41 [INFO]   NumPy: 2.3.4
2025-11-20 13:35:41 [INFO] 
REQUIRED FILES CHECK:
2025-11-20 13:35:41 [INFO]   ✓ Test_with_img.lys: Found at C:\Users\gehl2\Auto_align_program\Test_with_img.lys
2025-11-20 13:35:41 [INFO]   ✓ Test.GDS: Found at C:\Users\gehl2\Auto_align_program\Test.GDS
2025-11-20 13:35:41 [INFO]   ✓ icon.ico: Found at C:\Users\gehl2\Auto_align_program\icon.ico
2025-11-20 13:35:41 [INFO]   ✓ console_runner.py: Found at C:\Users\gehl2\Auto_align_program\console_runner.py
2025-11-20 13:35:41 [INFO] ================================================================================
2025-11-20 13:35:41 [INFO] Starting Point Align GUI...
2025-11-20 13:35:42 [INFO] GUI initialized successfully
2025-11-20 13:36:17 [INFO] ================================================================================
2025-11-20 13:36:17 [INFO] PointAlign Debug Log - Session started at 2025-11-20 13:36:17.543062
2025-11-20 13:36:17 [INFO] ================================================================================
2025-11-20 13:36:17 [INFO] SYSTEM INFORMATION:
2025-11-20 13:36:17 [INFO]   OS: Windows 11 (10.0.26100)
2025-11-20 13:36:17 [INFO]   Platform: Windows-11-10.0.26100-SP0
2025-11-20 13:36:17 [INFO]   Architecture: AMD64
2025-11-20 13:36:17 [INFO]   Processor: Intel64 Family 6 Model 158 Stepping 10, GenuineIntel
2025-11-20 13:36:17 [INFO]   Python Version: 3.14.0 (tags/v3.14.0:ebf955d, Oct  7 2025, 10:15:03) [MSC v.1944 64 bit (AMD64)]
2025-11-20 13:36:17 [INFO]   Python Executable: C:\Python314\python.exe
2025-11-20 13:36:17 [INFO]   Running as: Python script
2025-11-20 13:36:17 [INFO]   Script directory: C:\Users\gehl2\Auto_align_program
2025-11-20 13:36:17 [INFO]   Working directory: C:\Users\gehl2\Auto_align_program
2025-11-20 13:36:17 [INFO] 
INSTALLED PACKAGES:
2025-11-20 13:36:17 [ERROR]   OpenCV (cv2): NOT FOUND - No module named 'cv2'
2025-11-20 13:36:17 [INFO]   Qt Backend: PyQt6
2025-11-20 13:36:17 [INFO]   PyQt6: 6.10.0
2025-11-20 13:36:17 [INFO]   NumPy: 2.3.4
2025-11-20 13:36:17 [INFO] 
REQUIRED FILES CHECK:
2025-11-20 13:36:17 [INFO]   ✓ Test_with_img.lys: Found at C:\Users\gehl2\Auto_align_program\Test_with_img.lys
2025-11-20 13:36:17 [INFO]   ✓ Test.GDS: Found at C:\Users\gehl2\Auto_align_program\Test.GDS
2025-11-20 13:36:17 [INFO]   ✓ icon.ico: Found at C:\Users\gehl2\Auto_align_program\icon.ico
2025-11-20 13:36:17 [INFO]   ✓ console_runner.py: Found at C:\Users\gehl2\Auto_align_program\console_runner.py
2025-11-20 13:36:17 [INFO] ================================================================================
2025-11-20 13:36:17 [INFO] Starting Point Align GUI...
2025-11-20 13:36:18 [INFO] GUI initialized successfully
2025-11-20 13:37:34 [INFO] ================================================================================
2025-11-20 13:37:34 [INFO] PointAlign Debug Log - Session started at 2025-11-20 13:37:34.510324
2025-11-20 13:37:34 [INFO] ================================================================================
2025-11-20 13:37:34 [INFO] SYSTEM INFORMATION:
2025-11-20 13:37:34 [INFO]   OS: Windows 11 (10.0.26100)
2025-11-20 13:37:34 [INFO]   Platform: Windows-11-10.0.26100-SP0
2025-11-20 13:37:34 [INFO]   Architecture: AMD64
2025-11-20 13:37:34 [INFO]   Processor: Intel64 Family 6 Model 158 Stepping 10, GenuineIntel
2025-11-20 13:37:34 [INFO]   Python Version: 3.14.0 (tags/v3.14.0:ebf955d, Oct  7 2025, 10:15:03) [MSC v.1944 64 bit (AMD64)]
2025-11-20 13:37:34 [INFO]   Python Executable: C:\Python314\python.exe
2025-11-20 13:37:34 [INFO]   Running as: Python script
2025-11-20 13:37:34 [INFO]   Script directory: C:\Users\gehl2\Auto_align_program
2025-11-20 13:37:34 [INFO]   Working directory: C:\Users\gehl2\Auto_align_program
2025-11-20 13:37:34 [INFO] 
INSTALLED PACKAGES:
2025-11-20 13:37:34 [ERROR]   OpenCV (cv2): NOT FOUND - No module named 'cv2'
2025-11-20 13:37:34 [INFO]   Qt Backend: PyQt6
2025-11-20 13:37:34 [INFO]   PyQt6: 6.10.0
2025-11-20 13:37:34 [INFO]   NumPy: 2.3.4
2025-11-20 13:37:34 [INFO] 
REQUIRED FILES CHECK:
2025-11-20 13:37:34 [INFO]   ✓ Test_with_img.lys: Found at C:\Users\gehl2\Auto_align_program\Test_with_img.lys
2025-11-20 13:37:34 [INFO]   ✓ Test.GDS: Found at C:\Users\gehl2\Auto_align_program\Test.GDS
2025-11-20 13:37:34 [INFO]   ✓ icon.ico: Found at C:\Users\gehl2\Auto_align_program\icon.ico
2025-11-20 13:37:34 [INFO]   ✓ console_runner.py: Found at C:\Users\gehl2\Auto_align_program\console_runner.py
2025-11-20 13:37:34 [INFO] ================================================================================
2025-11-20 13:37:34 [INFO] Starting Point Align GUI...
2025-11-20 13:37:35 [INFO] GUI initialized successfully
2025-11-20 13:38:46 [INFO] ================================================================================
2025-11-20 13:38:46 [INFO] PointAlign Debug Log - Session started at 2025-11-20 13:38:46.286445
2025-11-20 13:38:46 [INFO] ================================================================================
2025-11-20 13:38:46 [INFO] SYSTEM INFORMATION:
2025-11-20 13:38:46 [INFO]   OS: Windows 11 (10.0.26100)
2025-11-20 13:38:46 [INFO]   Platform: Windows-11-10.0.26100-SP0
2025-11-20 13:38:46 [INFO]   Architecture: AMD64
2025-11-20 13:38:46 [INFO]   Processor: Intel64 Family 6 Model 158 Stepping 10, GenuineIntel
2025-11-20 13:38:46 [INFO]   Python Version: 3.14.0 (tags/v3.14.0:ebf955d, Oct  7 2025, 10:15:03) [MSC v.1944 64 bit (AMD64)]
2025-11-20 13:38:46 [INFO]   Python Executable: C:\Python314\python.exe
2025-11-20 13:38:46 [INFO]   Running as: Python script
2025-11-20 13:38:46 [INFO]   Script directory: C:\Users\gehl2\Auto_align_program
2025-11-20 13:38:46 [INFO]   Working directory: C:\Users\gehl2\Auto_align_program
2025-11-20 13:38:46 [INFO] 
INSTALLED PACKAGES:
2025-11-20 13:38:46 [ERROR]   OpenCV (cv2): NOT FOUND - No module named 'cv2'
2025-11-20 13:38:46 [INFO]   Qt Backend: PyQt6
2025-11-20 13:38:46 [INFO]   PyQt6: 6.10.0
2025-11-20 13:38:46 [INFO]   NumPy: 2.3.4
2025-11-20 13:38:46 [INFO] 
REQUIRED FILES CHECK:
2025-11-20 13:38:46 [INFO]   ✓ Test_with_img.lys: Found at C:\Users\gehl2\Auto_align_program\Test_with_img.lys
2025-11-20 13:38:46 [INFO]   ✓ Test.GDS: Found at C:\Users\gehl2\Auto_align_program\Test.GDS
2025-11-20 13:38:46 [INFO]   ✓ icon.ico: Found at C:\Users\gehl2\Auto_align_program\icon.ico
2025-11-20 13:38:46 [INFO]   ✓ console_runner.py: Found at C:\Users\gehl2\Auto_align_program\console_runner.py
2025-11-20 13:38:46 [INFO] ================================================================================
2025-11-20 13:38:46 [INFO] Starting Point Align GUI...
2025-11-20 13:38:47 [INFO] GUI initialized successfully
2025-11-20 13:39:24 [INFO] Launching picker for IMG_2025_07_25_48935.JPG
2025-11-20 13:39:40 [INFO] Launching picker for IMG_2025_07_11_46845.JPG
2025-11-20 13:39:54 [INFO] Run log file: C:\Users\gehl2\AppData\Local\Temp\PointAlign_run_20251120_133954.log
2025-11-20 13:39:54 [DEBUG] Using Python command: ['py', '-3']
2025-11-20 13:39:54 [INFO] Starting subprocess:
2025-11-20 13:39:54 [INFO]   Command: py -3 -u C:\Users\gehl2\Auto_align_program\point_align_batch_runner_gui.py --files C:/Users/gehl2/Downloads/IMG_2025_07_25_48935.JPG C:/Users/gehl2/Downloads/IMG_2025_07_11_46845.JPG --lys-in C:\Users\gehl2\Auto_align_program\Test_with_img.lys --after (-50,60),(70,60),(-50,-60),(70,-60) --affine --combined-out C:\Users\gehl2\Desktop\Aligned43ByMRL-PENGJIEW-19.lys --auto-review --gds-file C:\Users\gehl2\Auto_align_program\Test.GDS --before (-1666.2,1484.6),(974.7,1489.4),(-1652.8,-1158.9),(982.8,-1142.0) --before (-688.4,473.0),(361.9,485.0),(-676.7,-576.3),(373.5,-564.0)
2025-11-20 13:39:54 [DEBUG] Starting subprocess with creationflags=134217728
2025-11-20 13:39:55 [DEBUG]   [STDOUT] usage: point_align_batch_runner_gui.py [-h] [--glob GLOB |
2025-11-20 13:39:55 [DEBUG]   [STDOUT]                                        --files FILES [FILES ...]] [--gui]
2025-11-20 13:39:55 [DEBUG]   [STDOUT]                                        --lys-in LYS_IN [--out-dir OUT_DIR]
2025-11-20 13:39:55 [DEBUG]   [STDOUT]                                        [--out-suffix OUT_SUFFIX]
2025-11-20 13:39:55 [DEBUG]   [STDOUT]                                        [--combined-out COMBINED_OUT]
2025-11-20 13:39:55 [DEBUG]   [STDOUT]                                        [--affine]
2025-11-20 13:39:55 [DEBUG]   [STDOUT]                                        [--rms-thresh-um RMS_THRESH_UM]
2025-11-20 13:39:55 [DEBUG]   [STDOUT]                                        --after AFTER [--origin-um ORIGIN_UM]
2025-11-20 13:39:55 [DEBUG]   [STDOUT]                                        [--auto] [--auto-review]
2025-11-20 13:39:55 [DEBUG]   [STDOUT]                                        [--auto-canny AUTO_CANNY]
2025-11-20 13:39:55 [DEBUG]   [STDOUT]                                        [--auto-thr AUTO_THR] [--auto-c AUTO_C]
2025-11-20 13:39:55 [DEBUG]   [STDOUT]                                        [--auto-morph AUTO_MORPH]
2025-11-20 13:39:55 [DEBUG]   [STDOUT]                                        [--gds-file GDS_FILE]
2025-11-20 13:39:55 [DEBUG]   [STDOUT] point_align_batch_runner_gui.py: error: unrecognized arguments: --before (-1666.2,1484.6),(974.7,1489.4),(-1652.8,-1158.9),(982.8,-1142.0) --before (-688.4,473.0),(361.9,485.0),(-676.7,-576.3),(373.5,-564.0)
2025-11-20 13:39:55 [INFO] Process completed with exit code: 2
2025-11-20 13:43:39 [INFO] ================================================================================
2025-11-20 13:43:39 [INFO] PointAlign Debug Log - Session started at 2025-11-20 13:43:39.526709
2025-11-20 13:43:39 [INFO] ================================================================================
2025-11-20 13:43:39 [INFO] SYSTEM INFORMATION:
2025-11-20 13:43:39 [INFO]   OS: Windows 11 (10.0.26100)
2025-11-20 13:43:39 [INFO]   Platform: Windows-11-10.0.26100-SP0
2025-11-20 13:43:39 [INFO]   Architecture: AMD64
2025-11-20 13:43:39 [INFO]   Processor: Intel64 Family 6 Model 158 Stepping 10, GenuineIntel
2025-11-20 13:43:39 [INFO]   Python Version: 3.13.7 (tags/v3.13.7:bcee1c3, Aug 14 2025, 14:15:11) [MSC v.1944 64 bit (AMD64)]
2025-11-20 13:43:39 [INFO]   Python Executable: C:\Users\gehl2\AppData\Local\Programs\Python\Python313\python.exe
2025-11-20 13:43:39 [INFO]   Running as: Python script
2025-11-20 13:43:39 [INFO]   Script directory: C:\Users\gehl2\Auto_align_program
2025-11-20 13:43:39 [INFO]   Working directory: C:\Users\gehl2\Auto_align_program
2025-11-20 13:43:39 [INFO] 
INSTALLED PACKAGES:
2025-11-20 13:43:40 [INFO]   OpenCV (cv2): 4.12.0
2025-11-20 13:43:40 [INFO]   Qt Backend: PySide6
2025-11-20 13:43:40 [INFO]   PySide6: 6.9.3
2025-11-20 13:43:40 [INFO]   NumPy: 2.2.6
2025-11-20 13:43:40 [INFO] 
REQUIRED FILES CHECK:
2025-11-20 13:43:40 [INFO]   ✓ Test_with_img.lys: Found at C:\Users\gehl2\Auto_align_program\Test_with_img.lys
2025-11-20 13:43:40 [INFO]   ✓ Test.GDS: Found at C:\Users\gehl2\Auto_align_program\Test.GDS
2025-11-20 13:43:40 [INFO]   ✓ icon.ico: Found at C:\Users\gehl2\Auto_align_program\icon.ico
2025-11-20 13:43:40 [INFO]   ✓ console_runner.py: Found at C:\Users\gehl2\Auto_align_program\console_runner.py
2025-11-20 13:43:40 [INFO] ================================================================================
2025-11-20 13:43:40 [INFO] Starting Point Align GUI...
2025-11-20 13:43:40 [INFO] GUI initialized successfully
2025-11-20 13:57:09 [INFO] ================================================================================
2025-11-20 13:57:09 [INFO] PointAlign Debug Log - Session started at 2025-11-20 13:57:09.219724
2025-11-20 13:57:09 [INFO] ================================================================================
2025-11-20 13:57:09 [INFO] SYSTEM INFORMATION:
2025-11-20 13:57:09 [INFO]   OS: Windows 11 (10.0.26100)
2025-11-20 13:57:09 [INFO]   Platform: Windows-11-10.0.26100-SP0
2025-11-20 13:57:09 [INFO]   Architecture: AMD64
2025-11-20 13:57:09 [INFO]   Processor: Intel64 Family 6 Model 158 Stepping 10, GenuineIntel
2025-11-20 13:57:09 [INFO]   Python Version: 3.13.7 (tags/v3.13.7:bcee1c3, Aug 14 2025, 14:15:11) [MSC v.1944 64 bit (AMD64)]
2025-11-20 13:57:09 [INFO]   Python Executable: C:\Users\gehl2\AppData\Local\Programs\Python\Python313\python.exe
2025-11-20 13:57:09 [INFO]   Running as: Python script
2025-11-20 13:57:09 [INFO]   Script directory: C:\Users\gehl2\Auto_align_program
2025-11-20 13:57:09 [INFO]   Working directory: C:\Users\gehl2\Auto_align_program
2025-11-20 13:57:09 [INFO] 
INSTALLED PACKAGES:
2025-11-20 13:57:09 [INFO]   OpenCV (cv2): 4.12.0
2025-11-20 13:57:09 [INFO]   Qt Backend: PySide6
2025-11-20 13:57:09 [INFO]   PySide6: 6.9.3
2025-11-20 13:57:09 [INFO]   NumPy: 2.2.6
2025-11-20 13:57:09 [INFO] 
REQUIRED FILES CHECK:
2025-11-20 13:57:09 [INFO]   ✓ Test_with_img.lys: Found at C:\Users\gehl2\Auto_align_program\Test_with_img.lys
2025-11-20 13:57:09 [INFO]   ✓ Test.GDS: Found at C:\Users\gehl2\Auto_align_program\Test.GDS
2025-11-20 13:57:09 [INFO]   ✓ icon.ico: Found at C:\Users\gehl2\Auto_align_program\icon.ico
2025-11-20 13:57:09 [INFO]   ✓ console_runner.py: Found at C:\Users\gehl2\Auto_align_program\console_runner.py
2025-11-20 13:57:09 [INFO] ================================================================================
2025-11-20 13:57:09 [INFO] Starting Point Align GUI...
2025-11-20 13:57:10 [INFO] GUI initialized successfully
2025-11-20 13:58:54 [INFO] ================================================================================
2025-11-20 13:58:54 [INFO] PointAlign Debug Log - Session started at 2025-11-20 13:58:54.943856
2025-11-20 13:58:54 [INFO] ================================================================================
2025-11-20 13:58:54 [INFO] SYSTEM INFORMATION:
2025-11-20 13:58:55 [INFO]   OS: Windows 11 (10.0.26100)
2025-11-20 13:58:55 [INFO]   Platform: Windows-11-10.0.26100-SP0
2025-11-20 13:58:55 [INFO]   Architecture: AMD64
2025-11-20 13:58:55 [INFO]   Processor: Intel64 Family 6 Model 158 Stepping 10, GenuineIntel
2025-11-20 13:58:55 [INFO]   Python Version: 3.13.7 (tags/v3.13.7:bcee1c3, Aug 14 2025, 14:15:11) [MSC v.1944 64 bit (AMD64)]
2025-11-20 13:58:55 [INFO]   Python Executable: C:\Users\gehl2\AppData\Local\Programs\Python\Python313\python.exe
2025-11-20 13:58:55 [INFO]   Running as: Python script
2025-11-20 13:58:55 [INFO]   Script directory: C:\Users\gehl2\Auto_align_program
2025-11-20 13:58:55 [INFO]   Working directory: C:\Users\gehl2\Auto_align_program
2025-11-20 13:58:55 [INFO] 
INSTALLED PACKAGES:
2025-11-20 13:58:55 [INFO]   OpenCV (cv2): 4.12.0
2025-11-20 13:58:55 [INFO]   Qt Backend: PySide6
2025-11-20 13:58:55 [INFO]   PySide6: 6.9.3
2025-11-20 13:58:55 [INFO]   NumPy: 2.2.6
2025-11-20 13:58:55 [INFO] 
REQUIRED FILES CHECK:
2025-11-20 13:58:55 [INFO]   ✓ Test_with_img.lys: Found at C:\Users\gehl2\Auto_align_program\Test_with_img.lys
2025-11-20 13:58:55 [INFO]   ✓ Test.GDS: Found at C:\Users\gehl2\Auto_align_program\Test.GDS
2025-11-20 13:58:55 [INFO]   ✓ icon.ico: Found at C:\Users\gehl2\Auto_align_program\icon.ico
2025-11-20 13:58:55 [INFO]   ✓ console_runner.py: Found at C:\Users\gehl2\Auto_align_program\console_runner.py
2025-11-20 13:58:55 [INFO] ================================================================================
2025-11-20 13:58:55 [INFO] Starting Point Align GUI...
2025-11-20 13:58:56 [INFO] GUI initialized successfully
2025-11-20 13:59:09 [INFO] ================================================================================
2025-11-20 13:59:09 [INFO] PointAlign Debug Log - Session started at 2025-11-20 13:59:09.920149
2025-11-20 13:59:09 [INFO] ================================================================================
2025-11-20 13:59:09 [INFO] SYSTEM INFORMATION:
2025-11-20 13:59:10 [INFO]   OS: Windows 11 (10.0.26100)
2025-11-20 13:59:10 [INFO]   Platform: Windows-11-10.0.26100-SP0
2025-11-20 13:59:10 [INFO]   Architecture: AMD64
2025-11-20 13:59:10 [INFO]   Processor: Intel64 Family 6 Model 158 Stepping 10, GenuineIntel
2025-11-20 13:59:10 [INFO]   Python Version: 3.14.0 (tags/v3.14.0:ebf955d, Oct  7 2025, 10:15:03) [MSC v.1944 64 bit (AMD64)]
2025-11-20 13:59:10 [INFO]   Python Executable: C:\Python314\python.exe
2025-11-20 13:59:10 [INFO]   Running as: Python script
2025-11-20 13:59:10 [INFO]   Script directory: C:\Users\gehl2\Auto_align_program
2025-11-20 13:59:10 [INFO]   Working directory: C:\Users\gehl2\Auto_align_program
2025-11-20 13:59:10 [INFO] 
INSTALLED PACKAGES:
2025-11-20 13:59:10 [ERROR]   OpenCV (cv2): NOT FOUND - No module named 'cv2'
2025-11-20 13:59:10 [INFO]   Qt Backend: PyQt6
2025-11-20 13:59:10 [INFO]   PyQt6: 6.10.0
2025-11-20 13:59:10 [INFO]   NumPy: 2.3.4
2025-11-20 13:59:10 [INFO] 
REQUIRED FILES CHECK:
2025-11-20 13:59:10 [INFO]   ✓ Test_with_img.lys: Found at C:\Users\gehl2\Auto_align_program\Test_with_img.lys
2025-11-20 13:59:10 [INFO]   ✓ Test.GDS: Found at C:\Users\gehl2\Auto_align_program\Test.GDS
2025-11-20 13:59:10 [INFO]   ✓ icon.ico: Found at C:\Users\gehl2\Auto_align_program\icon.ico
2025-11-20 13:59:10 [INFO]   ✓ console_runner.py: Found at C:\Users\gehl2\Auto_align_program\console_runner.py
2025-11-20 13:59:10 [INFO] ================================================================================
2025-11-20 13:59:10 [INFO] Starting Point Align GUI...
2025-11-20 13:59:10 [INFO] GUI initialized successfully
2025-11-20 14:01:55 [INFO] ================================================================================
2025-11-20 14:01:55 [INFO] PointAlign Debug Log - Session started at 2025-11-20 14:01:55.392162
2025-11-20 14:01:55 [INFO] ================================================================================
2025-11-20 14:01:55 [INFO] SYSTEM INFORMATION:
2025-11-20 14:01:55 [INFO]   OS: Windows 11 (10.0.26100)
2025-11-20 14:01:55 [INFO]   Platform: Windows-11-10.0.26100-SP0
2025-11-20 14:01:55 [INFO]   Architecture: AMD64
2025-11-20 14:01:55 [INFO]   Processor: Intel64 Family 6 Model 158 Stepping 10, GenuineIntel
2025-11-20 14:01:55 [INFO]   Python Version: 3.13.7 (tags/v3.13.7:bcee1c3, Aug 14 2025, 14:15:11) [MSC v.1944 64 bit (AMD64)]
2025-11-20 14:01:55 [INFO]   Python Executable: C:\Users\gehl2\AppData\Local\Programs\Python\Python313\python.exe
2025-11-20 14:01:55 [INFO]   Running as: Python script
2025-11-20 14:01:55 [INFO]   Script directory: C:\Users\gehl2\Auto_align_program
2025-11-20 14:01:55 [INFO]   Working directory: C:\Users\gehl2\Auto_align_program
2025-11-20 14:01:55 [INFO] 
INSTALLED PACKAGES:
2025-11-20 14:01:55 [INFO]   OpenCV (cv2): 4.12.0
2025-11-20 14:01:55 [INFO]   Qt Backend: PySide6
2025-11-20 14:01:55 [INFO]   PySide6: 6.9.3
2025-11-20 14:01:55 [INFO]   NumPy: 2.2.6
2025-11-20 14:01:55 [INFO] 
REQUIRED FILES CHECK:
2025-11-20 14:01:55 [INFO]   ✓ Test_with_img.lys: Found at C:\Users\gehl2\Auto_align_program\Test_with_img.lys
2025-11-20 14:01:55 [INFO]   ✓ Test.GDS: Found at C:\Users\gehl2\Auto_align_program\Test.GDS
2025-11-20 14:01:55 [INFO]   ✓ icon.ico: Found at C:\Users\gehl2\Auto_align_program\icon.ico
2025-11-20 14:01:55 [INFO]   ✓ console_runner.py: Found at C:\Users\gehl2\Auto_align_program\console_runner.py
2025-11-20 14:01:55 [INFO] ================================================================================
2025-11-20 14:01:55 [INFO] Starting Point Align GUI...
2025-11-20 14:01:56 [INFO] GUI initialized successfully
2025-11-20 14:02:10 [INFO] ================================================================================
2025-11-20 14:02:10 [INFO] PointAlign Debug Log - Session started at 2025-11-20 14:02:10.075263
2025-11-20 14:02:10 [INFO] ================================================================================
2025-11-20 14:02:10 [INFO] SYSTEM INFORMATION:
2025-11-20 14:02:10 [INFO]   OS: Windows 11 (10.0.26100)
2025-11-20 14:02:10 [INFO]   Platform: Windows-11-10.0.26100-SP0
2025-11-20 14:02:10 [INFO]   Architecture: AMD64
2025-11-20 14:02:10 [INFO]   Processor: Intel64 Family 6 Model 158 Stepping 10, GenuineIntel
2025-11-20 14:02:10 [INFO]   Python Version: 3.14.0 (tags/v3.14.0:ebf955d, Oct  7 2025, 10:15:03) [MSC v.1944 64 bit (AMD64)]
2025-11-20 14:02:10 [INFO]   Python Executable: C:\Python314\python.exe
2025-11-20 14:02:10 [INFO]   Running as: Python script
2025-11-20 14:02:10 [INFO]   Script directory: C:\Users\gehl2\Auto_align_program
2025-11-20 14:02:10 [INFO]   Working directory: C:\Users\gehl2\Auto_align_program
2025-11-20 14:02:10 [INFO] 
INSTALLED PACKAGES:
2025-11-20 14:02:10 [ERROR]   OpenCV (cv2): NOT FOUND - No module named 'cv2'
2025-11-20 14:02:10 [INFO]   Qt Backend: PyQt6
2025-11-20 14:02:10 [INFO]   PyQt6: 6.10.0
2025-11-20 14:02:10 [INFO]   NumPy: 2.3.4
2025-11-20 14:02:10 [INFO] 
REQUIRED FILES CHECK:
2025-11-20 14:02:10 [INFO]   ✓ Test_with_img.lys: Found at C:\Users\gehl2\Auto_align_program\Test_with_img.lys
2025-11-20 14:02:10 [INFO]   ✓ Test.GDS: Found at C:\Users\gehl2\Auto_align_program\Test.GDS
2025-11-20 14:02:10 [INFO]   ✓ icon.ico: Found at C:\Users\gehl2\Auto_align_program\icon.ico
2025-11-20 14:02:10 [INFO]   ✓ console_runner.py: Found at C:\Users\gehl2\Auto_align_program\console_runner.py
2025-11-20 14:02:10 [INFO] ================================================================================
2025-11-20 14:02:10 [INFO] Starting Point Align GUI...
2025-11-20 14:02:11 [INFO] GUI initialized successfully
2025-11-20 14:04:16 [INFO] ================================================================================
2025-11-20 14:04:16 [INFO] PointAlign Debug Log - Session started at 2025-11-20 14:04:16.006287
2025-11-20 14:04:16 [INFO] ================================================================================
2025-11-20 14:04:16 [INFO] SYSTEM INFORMATION:
2025-11-20 14:04:16 [INFO]   OS: Windows 11 (10.0.26100)
2025-11-20 14:04:16 [INFO]   Platform: Windows-11-10.0.26100-SP0
2025-11-20 14:04:16 [INFO]   Architecture: AMD64
2025-11-20 14:04:16 [INFO]   Processor: Intel64 Family 6 Model 158 Stepping 10, GenuineIntel
2025-11-20 14:04:16 [INFO]   Python Version: 3.13.7 (tags/v3.13.7:bcee1c3, Aug 14 2025, 14:15:11) [MSC v.1944 64 bit (AMD64)]
2025-11-20 14:04:16 [INFO]   Python Executable: C:\Users\gehl2\AppData\Local\Programs\Python\Python313\python.exe
2025-11-20 14:04:16 [INFO]   Running as: Python script
2025-11-20 14:04:16 [INFO]   Script directory: C:\Users\gehl2\Auto_align_program
2025-11-20 14:04:16 [INFO]   Working directory: C:\Users\gehl2\Auto_align_program
2025-11-20 14:04:16 [INFO] 
INSTALLED PACKAGES:
2025-11-20 14:04:16 [INFO]   OpenCV (cv2): 4.12.0
2025-11-20 14:04:16 [INFO]   Qt Backend: PySide6
2025-11-20 14:04:16 [INFO]   PySide6: 6.9.3
2025-11-20 14:04:16 [INFO]   NumPy: 2.2.6
2025-11-20 14:04:16 [INFO] 
REQUIRED FILES CHECK:
2025-11-20 14:04:16 [INFO]   ✓ Test_with_img.lys: Found at C:\Users\gehl2\Auto_align_program\Test_with_img.lys
2025-11-20 14:04:16 [INFO]   ✓ Test.GDS: Found at C:\Users\gehl2\Auto_align_program\Test.GDS
2025-11-20 14:04:16 [INFO]   ✓ icon.ico: Found at C:\Users\gehl2\Auto_align_program\icon.ico
2025-11-20 14:04:16 [INFO]   ✓ console_runner.py: Found at C:\Users\gehl2\Auto_align_program\console_runner.py
2025-11-20 14:04:16 [INFO] ================================================================================
2025-11-20 14:04:16 [INFO] Starting Point Align GUI...
2025-11-20 14:04:17 [INFO] GUI initialized successfully
2025-11-20 14:06:12 [INFO] ================================================================================
2025-11-20 14:06:12 [INFO] PointAlign Debug Log - Session started at 2025-11-20 14:06:12.662446
2025-11-20 14:06:12 [INFO] ================================================================================
2025-11-20 14:06:12 [INFO] SYSTEM INFORMATION:
2025-11-20 14:06:12 [INFO]   OS: Windows 11 (10.0.26100)
2025-11-20 14:06:12 [INFO]   Platform: Windows-11-10.0.26100-SP0
2025-11-20 14:06:12 [INFO]   Architecture: AMD64
2025-11-20 14:06:12 [INFO]   Processor: Intel64 Family 6 Model 158 Stepping 10, GenuineIntel
2025-11-20 14:06:12 [INFO]   Python Version: 3.13.7 (tags/v3.13.7:bcee1c3, Aug 14 2025, 14:15:11) [MSC v.1944 64 bit (AMD64)]
2025-11-20 14:06:12 [INFO]   Python Executable: C:\Users\gehl2\AppData\Local\Programs\Python\Python313\python.exe
2025-11-20 14:06:12 [INFO]   Running as: Python script
2025-11-20 14:06:12 [INFO]   Script directory: C:\Users\gehl2\Auto_align_program
2025-11-20 14:06:12 [INFO]   Working directory: C:\Users\gehl2\Auto_align_program
2025-11-20 14:06:12 [INFO] 
INSTALLED PACKAGES:
2025-11-20 14:06:13 [INFO]   OpenCV (cv2): 4.12.0
2025-11-20 14:06:13 [INFO]   Qt Backend: PySide6
2025-11-20 14:06:13 [INFO]   PySide6: 6.9.3
2025-11-20 14:06:13 [INFO]   NumPy: 2.2.6
2025-11-20 14:06:13 [INFO] 
REQUIRED FILES CHECK:
2025-11-20 14:06:13 [INFO]   ✓ Test_with_img.lys: Found at C:\Users\gehl2\Auto_align_program\Test_with_img.lys
2025-11-20 14:06:13 [INFO]   ✓ Test.GDS: Found at C:\Users\gehl2\Auto_align_program\Test.GDS
2025-11-20 14:06:13 [INFO]   ✓ icon.ico: Found at C:\Users\gehl2\Auto_align_program\icon.ico
2025-11-20 14:06:13 [INFO]   ✓ console_runner.py: Found at C:\Users\gehl2\Auto_align_program\console_runner.py
2025-11-20 14:06:13 [INFO] ================================================================================
2025-11-20 14:06:13 [INFO] Starting Point Align GUI...
2025-11-20 14:06:13 [INFO] GUI initialized successfully
2025-11-20 14:07:39 [INFO] ================================================================================
2025-11-20 14:07:39 [INFO] PointAlign Debug Log - Session started at 2025-11-20 14:07:39.708283
2025-11-20 14:07:39 [INFO] ================================================================================
2025-11-20 14:07:39 [INFO] SYSTEM INFORMATION:
2025-11-20 14:07:39 [INFO]   OS: Windows 11 (10.0.26100)
2025-11-20 14:07:39 [INFO]   Platform: Windows-11-10.0.26100-SP0
2025-11-20 14:07:39 [INFO]   Architecture: AMD64
2025-11-20 14:07:39 [INFO]   Processor: Intel64 Family 6 Model 158 Stepping 10, GenuineIntel
2025-11-20 14:07:39 [INFO]   Python Version: 3.13.7 (tags/v3.13.7:bcee1c3, Aug 14 2025, 14:15:11) [MSC v.1944 64 bit (AMD64)]
2025-11-20 14:07:39 [INFO]   Python Executable: C:\Users\gehl2\AppData\Local\Programs\Python\Python313\python.exe
2025-11-20 14:07:39 [INFO]   Running as: Python script
2025-11-20 14:07:39 [INFO]   Script directory: C:\Users\gehl2\Auto_align_program
2025-11-20 14:07:39 [INFO]   Working directory: C:\Users\gehl2\Auto_align_program
2025-11-20 14:07:39 [INFO] 
INSTALLED PACKAGES:
2025-11-20 14:07:40 [INFO]   OpenCV (cv2): 4.12.0
2025-11-20 14:07:40 [INFO]   Qt Backend: PySide6
2025-11-20 14:07:40 [INFO]   PySide6: 6.9.3
2025-11-20 14:07:40 [INFO]   NumPy: 2.2.6
2025-11-20 14:07:40 [INFO] 
REQUIRED FILES CHECK:
2025-11-20 14:07:40 [INFO]   ✓ Test_with_img.lys: Found at C:\Users\gehl2\Auto_align_program\Test_with_img.lys
2025-11-20 14:07:40 [INFO]   ✓ Test.GDS: Found at C:\Users\gehl2\Auto_align_program\Test.GDS
2025-11-20 14:07:40 [INFO]   ✓ icon.ico: Found at C:\Users\gehl2\Auto_align_program\icon.ico
2025-11-20 14:07:40 [INFO]   ✓ console_runner.py: Found at C:\Users\gehl2\Auto_align_program\console_runner.py
2025-11-20 14:07:40 [INFO] ================================================================================
2025-11-20 14:07:40 [INFO] Starting Point Align GUI...
2025-11-20 14:07:40 [INFO] GUI initialized successfully
2025-11-20 14:11:24 [INFO] ================================================================================
2025-11-20 14:11:24 [INFO] PointAlign Debug Log - Session started at 2025-11-20 14:11:24.323859
2025-11-20 14:11:24 [INFO] ================================================================================
2025-11-20 14:11:24 [INFO] SYSTEM INFORMATION:
2025-11-20 14:11:24 [INFO]   OS: Windows 11 (10.0.26100)
2025-11-20 14:11:25 [INFO]   Platform: Windows-11-10.0.26100-SP0
2025-11-20 14:11:25 [INFO]   Architecture: AMD64
2025-11-20 14:11:25 [INFO]   Processor: Intel64 Family 6 Model 158 Stepping 10, GenuineIntel
2025-11-20 14:11:25 [INFO]   Python Version: 3.13.7 (tags/v3.13.7:bcee1c3, Aug 14 2025, 14:15:11) [MSC v.1944 64 bit (AMD64)]
2025-11-20 14:11:25 [INFO]   Python Executable: C:\Users\gehl2\AppData\Local\Programs\Python\Python313\python.exe
2025-11-20 14:11:25 [INFO]   Running as: Python script
2025-11-20 14:11:25 [INFO]   Script directory: C:\Users\gehl2\Auto_align_program
2025-11-20 14:11:25 [INFO]   Working directory: C:\Users\gehl2\Auto_align_program
2025-11-20 14:11:25 [INFO] 
INSTALLED PACKAGES:
2025-11-20 14:11:25 [INFO]   OpenCV (cv2): 4.12.0
2025-11-20 14:11:25 [INFO]   Qt Backend: PySide6
2025-11-20 14:11:25 [INFO]   PySide6: 6.9.3
2025-11-20 14:11:25 [INFO]   NumPy: 2.2.6
2025-11-20 14:11:25 [INFO] 
REQUIRED FILES CHECK:
2025-11-20 14:11:25 [INFO]   ✓ Test_with_img.lys: Found at C:\Users\gehl2\Auto_align_program\Test_with_img.lys
2025-11-20 14:11:25 [INFO]   ✓ Test.GDS: Found at C:\Users\gehl2\Auto_align_program\Test.GDS
2025-11-20 14:11:25 [INFO]   ✓ icon.ico: Found at C:\Users\gehl2\Auto_align_program\icon.ico
2025-11-20 14:11:25 [INFO]   ✓ console_runner.py: Found at C:\Users\gehl2\Auto_align_program\console_runner.py
2025-11-20 14:11:25 [INFO] ================================================================================
2025-11-20 14:11:25 [INFO] Starting Point Align GUI...
2025-11-20 14:11:26 [INFO] GUI initialized successfully
2025-11-20 14:12:00 [INFO] ================================================================================
2025-11-20 14:12:00 [INFO] PointAlign Debug Log - Session started at 2025-11-20 14:12:00.207392
2025-11-20 14:12:00 [INFO] ================================================================================
2025-11-20 14:12:00 [INFO] SYSTEM INFORMATION:
2025-11-20 14:12:00 [INFO]   OS: Windows 11 (10.0.26100)
2025-11-20 14:12:00 [INFO]   Platform: Windows-11-10.0.26100-SP0
2025-11-20 14:12:00 [INFO]   Architecture: AMD64
2025-11-20 14:12:00 [INFO]   Processor: Intel64 Family 6 Model 158 Stepping 10, GenuineIntel
2025-11-20 14:12:00 [INFO]   Python Version: 3.14.0 (tags/v3.14.0:ebf955d, Oct  7 2025, 10:15:03) [MSC v.1944 64 bit (AMD64)]
2025-11-20 14:12:00 [INFO]   Python Executable: C:\Python314\python.exe
2025-11-20 14:12:00 [INFO]   Running as: Python script
2025-11-20 14:12:00 [INFO]   Script directory: C:\Users\gehl2\Auto_align_program
2025-11-20 14:12:00 [INFO]   Working directory: C:\Users\gehl2\Auto_align_program
2025-11-20 14:12:00 [INFO] 
INSTALLED PACKAGES:
2025-11-20 14:12:00 [ERROR]   OpenCV (cv2): NOT FOUND - No module named 'cv2'
2025-11-20 14:12:00 [INFO]   Qt Backend: PyQt6
2025-11-20 14:12:00 [INFO]   PyQt6: 6.10.0
2025-11-20 14:12:00 [INFO]   NumPy: 2.3.4
2025-11-20 14:12:00 [INFO] 
REQUIRED FILES CHECK:
2025-11-20 14:12:00 [INFO]   ✓ Test_with_img.lys: Found at C:\Users\gehl2\Auto_align_program\Test_with_img.lys
2025-11-20 14:12:00 [INFO]   ✓ Test.GDS: Found at C:\Users\gehl2\Auto_align_program\Test.GDS
2025-11-20 14:12:00 [INFO]   ✓ icon.ico: Found at C:\Users\gehl2\Auto_align_program\icon.ico
2025-11-20 14:12:00 [INFO]   ✓ console_runner.py: Found at C:\Users\gehl2\Auto_align_program\console_runner.py
2025-11-20 14:12:00 [INFO] ================================================================================
2025-11-20 14:12:00 [INFO] Starting Point Align GUI...
2025-11-20 14:12:01 [INFO] GUI initialized successfully
2025-11-20 14:14:37 [INFO] ================================================================================
2025-11-20 14:14:37 [INFO] PointAlign Debug Log - Session started at 2025-11-20 14:14:37.835119
2025-11-20 14:14:37 [INFO] ================================================================================
2025-11-20 14:14:37 [INFO] SYSTEM INFORMATION:
2025-11-20 14:14:38 [INFO]   OS: Windows 11 (10.0.26100)
2025-11-20 14:14:38 [INFO]   Platform: Windows-11-10.0.26100-SP0
2025-11-20 14:14:38 [INFO]   Architecture: AMD64
2025-11-20 14:14:38 [INFO]   Processor: Intel64 Family 6 Model 158 Stepping 10, GenuineIntel
2025-11-20 14:14:38 [INFO]   Python Version: 3.13.7 (tags/v3.13.7:bcee1c3, Aug 14 2025, 14:15:11) [MSC v.1944 64 bit (AMD64)]
2025-11-20 14:14:38 [INFO]   Python Executable: C:\Users\gehl2\AppData\Local\Programs\Python\Python313\python.exe
2025-11-20 14:14:38 [INFO]   Running as: Python script
2025-11-20 14:14:38 [INFO]   Script directory: C:\Users\gehl2\Auto_align_program
2025-11-20 14:14:38 [INFO]   Working directory: C:\Users\gehl2\Auto_align_program
2025-11-20 14:14:38 [INFO] 
INSTALLED PACKAGES:
2025-11-20 14:14:38 [INFO]   OpenCV (cv2): 4.12.0
2025-11-20 14:14:38 [INFO]   Qt Backend: PySide6
2025-11-20 14:14:38 [INFO]   PySide6: 6.9.3
2025-11-20 14:14:38 [INFO]   NumPy: 2.2.6
2025-11-20 14:14:38 [INFO] 
REQUIRED FILES CHECK:
2025-11-20 14:14:38 [INFO]   ✓ Test_with_img.lys: Found at C:\Users\gehl2\Auto_align_program\Test_with_img.lys
2025-11-20 14:14:38 [INFO]   ✓ Test.GDS: Found at C:\Users\gehl2\Auto_align_program\Test.GDS
2025-11-20 14:14:38 [INFO]   ✓ icon.ico: Found at C:\Users\gehl2\Auto_align_program\icon.ico
2025-11-20 14:14:38 [INFO]   ✓ console_runner.py: Found at C:\Users\gehl2\Auto_align_program\console_runner.py
2025-11-20 14:14:38 [INFO] ================================================================================
2025-11-20 14:14:38 [INFO] Starting Point Align GUI...
2025-11-20 14:14:39 [INFO] GUI initialized successfully
2025-11-20 14:15:02 [INFO] ================================================================================
2025-11-20 14:15:02 [INFO] PointAlign Debug Log - Session started at 2025-11-20 14:15:02.587174
2025-11-20 14:15:02 [INFO] ================================================================================
2025-11-20 14:15:02 [INFO] SYSTEM INFORMATION:
2025-11-20 14:15:02 [INFO]   OS: Windows 11 (10.0.26100)
2025-11-20 14:15:02 [INFO]   Platform: Windows-11-10.0.26100-SP0
2025-11-20 14:15:02 [INFO]   Architecture: AMD64
2025-11-20 14:15:02 [INFO]   Processor: Intel64 Family 6 Model 158 Stepping 10, GenuineIntel
2025-11-20 14:15:02 [INFO]   Python Version: 3.14.0 (tags/v3.14.0:ebf955d, Oct  7 2025, 10:15:03) [MSC v.1944 64 bit (AMD64)]
2025-11-20 14:15:02 [INFO]   Python Executable: C:\Python314\python.exe
2025-11-20 14:15:02 [INFO]   Running as: Python script
2025-11-20 14:15:02 [INFO]   Script directory: C:\Users\gehl2\Auto_align_program
2025-11-20 14:15:02 [INFO]   Working directory: C:\Users\gehl2\Auto_align_program
2025-11-20 14:15:02 [INFO] 
INSTALLED PACKAGES:
2025-11-20 14:15:02 [ERROR]   OpenCV (cv2): NOT FOUND - No module named 'cv2'
2025-11-20 14:15:02 [INFO]   Qt Backend: PyQt6
2025-11-20 14:15:02 [INFO]   PyQt6: 6.10.0
2025-11-20 14:15:03 [INFO]   NumPy: 2.3.4
2025-11-20 14:15:03 [INFO] 
REQUIRED FILES CHECK:
2025-11-20 14:15:03 [INFO]   ✓ Test_with_img.lys: Found at C:\Users\gehl2\Auto_align_program\Test_with_img.lys
2025-11-20 14:15:03 [INFO]   ✓ Test.GDS: Found at C:\Users\gehl2\Auto_align_program\Test.GDS
2025-11-20 14:15:03 [INFO]   ✓ icon.ico: Found at C:\Users\gehl2\Auto_align_program\icon.ico
2025-11-20 14:15:03 [INFO]   ✓ console_runner.py: Found at C:\Users\gehl2\Auto_align_program\console_runner.py
2025-11-20 14:15:03 [INFO] ================================================================================
2025-11-20 14:15:03 [INFO] Starting Point Align GUI...
2025-11-20 14:15:04 [INFO] GUI initialized successfully
2025-11-20 14:15:36 [INFO] ================================================================================
2025-11-20 14:15:36 [INFO] PointAlign Debug Log - Session started at 2025-11-20 14:15:36.697672
2025-11-20 14:15:36 [INFO] ================================================================================
2025-11-20 14:15:36 [INFO] SYSTEM INFORMATION:
2025-11-20 14:15:36 [INFO]   OS: Windows 11 (10.0.26100)
2025-11-20 14:15:36 [INFO]   Platform: Windows-11-10.0.26100-SP0
2025-11-20 14:15:36 [INFO]   Architecture: AMD64
2025-11-20 14:15:36 [INFO]   Processor: Intel64 Family 6 Model 158 Stepping 10, GenuineIntel
2025-11-20 14:15:36 [INFO]   Python Version: 3.14.0 (tags/v3.14.0:ebf955d, Oct  7 2025, 10:15:03) [MSC v.1944 64 bit (AMD64)]
2025-11-20 14:15:36 [INFO]   Python Executable: C:\Python314\python.exe
2025-11-20 14:15:36 [INFO]   Running as: Python script
2025-11-20 14:15:36 [INFO]   Script directory: C:\Users\gehl2\Auto_align_program
2025-11-20 14:15:36 [INFO]   Working directory: C:\Users\gehl2\Auto_align_program
2025-11-20 14:15:36 [INFO] 
INSTALLED PACKAGES:
2025-11-20 14:15:36 [ERROR]   OpenCV (cv2): NOT FOUND - No module named 'cv2'
2025-11-20 14:15:36 [INFO]   Qt Backend: PyQt6
2025-11-20 14:15:36 [INFO]   PyQt6: 6.10.0
2025-11-20 14:15:37 [INFO]   NumPy: 2.3.4
2025-11-20 14:15:37 [INFO] 
REQUIRED FILES CHECK:
2025-11-20 14:15:37 [INFO]   ✓ Test_with_img.lys: Found at C:\Users\gehl2\Auto_align_program\Test_with_img.lys
2025-11-20 14:15:37 [INFO]   ✓ Test.GDS: Found at C:\Users\gehl2\Auto_align_program\Test.GDS
2025-11-20 14:15:37 [INFO]   ✓ icon.ico: Found at C:\Users\gehl2\Auto_align_program\icon.ico
2025-11-20 14:15:37 [INFO]   ✓ console_runner.py: Found at C:\Users\gehl2\Auto_align_program\console_runner.py
2025-11-20 14:15:37 [INFO] ================================================================================
2025-11-20 14:15:37 [INFO] Starting Point Align GUI...
2025-11-20 14:15:37 [INFO] GUI initialized successfully
2025-11-20 14:16:17 [INFO] ================================================================================
2025-11-20 14:16:17 [INFO] PointAlign Debug Log - Session started at 2025-11-20 14:16:17.368330
2025-11-20 14:16:17 [INFO] ================================================================================
2025-11-20 14:16:17 [INFO] SYSTEM INFORMATION:
2025-11-20 14:16:17 [INFO]   OS: Windows 11 (10.0.26100)
2025-11-20 14:16:17 [INFO]   Platform: Windows-11-10.0.26100-SP0
2025-11-20 14:16:17 [INFO]   Architecture: AMD64
2025-11-20 14:16:17 [INFO]   Processor: Intel64 Family 6 Model 158 Stepping 10, GenuineIntel
2025-11-20 14:16:17 [INFO]   Python Version: 3.13.7 (tags/v3.13.7:bcee1c3, Aug 14 2025, 14:15:11) [MSC v.1944 64 bit (AMD64)]
2025-11-20 14:16:17 [INFO]   Python Executable: C:\Users\gehl2\AppData\Local\Programs\Python\Python313\python.exe
2025-11-20 14:16:17 [INFO]   Running as: Python script
2025-11-20 14:16:17 [INFO]   Script directory: C:\Users\gehl2\Auto_align_program
2025-11-20 14:16:17 [INFO]   Working directory: C:\Users\gehl2\Auto_align_program
2025-11-20 14:16:17 [INFO] 
INSTALLED PACKAGES:
2025-11-20 14:16:17 [INFO]   OpenCV (cv2): 4.12.0
2025-11-20 14:16:17 [INFO]   Qt Backend: PySide6
2025-11-20 14:16:17 [INFO]   PySide6: 6.9.3
2025-11-20 14:16:17 [INFO]   NumPy: 2.2.6
2025-11-20 14:16:17 [INFO] 
REQUIRED FILES CHECK:
2025-11-20 14:16:17 [INFO]   ✓ Test_with_img.lys: Found at C:\Users\gehl2\Auto_align_program\Test_with_img.lys
2025-11-20 14:16:17 [INFO]   ✓ Test.GDS: Found at C:\Users\gehl2\Auto_align_program\Test.GDS
2025-11-20 14:16:17 [INFO]   ✓ icon.ico: Found at C:\Users\gehl2\Auto_align_program\icon.ico
2025-11-20 14:16:17 [INFO]   ✓ console_runner.py: Found at C:\Users\gehl2\Auto_align_program\console_runner.py
2025-11-20 14:16:17 [INFO] ================================================================================
2025-11-20 14:16:17 [INFO] Starting Point Align GUI...
2025-11-20 14:16:18 [INFO] GUI initialized successfully
2025-11-20 14:16:51 [INFO] ================================================================================
2025-11-20 14:16:51 [INFO] PointAlign Debug Log - Session started at 2025-11-20 14:16:51.591369
2025-11-20 14:16:51 [INFO] ================================================================================
2025-11-20 14:16:51 [INFO] SYSTEM INFORMATION:
2025-11-20 14:16:51 [INFO]   OS: Windows 11 (10.0.26100)
2025-11-20 14:16:51 [INFO]   Platform: Windows-11-10.0.26100-SP0
2025-11-20 14:16:51 [INFO]   Architecture: AMD64
2025-11-20 14:16:51 [INFO]   Processor: Intel64 Family 6 Model 158 Stepping 10, GenuineIntel
2025-11-20 14:16:51 [INFO]   Python Version: 3.14.0 (tags/v3.14.0:ebf955d, Oct  7 2025, 10:15:03) [MSC v.1944 64 bit (AMD64)]
2025-11-20 14:16:51 [INFO]   Python Executable: C:\Python314\python.exe
2025-11-20 14:16:51 [INFO]   Running as: Python script
2025-11-20 14:16:51 [INFO]   Script directory: C:\Users\gehl2\Auto_align_program
2025-11-20 14:16:51 [INFO]   Working directory: C:\Users\gehl2\Auto_align_program
2025-11-20 14:16:51 [INFO] 
INSTALLED PACKAGES:
2025-11-20 14:16:51 [ERROR]   OpenCV (cv2): NOT FOUND - No module named 'cv2'
2025-11-20 14:16:51 [INFO]   Qt Backend: PyQt6
2025-11-20 14:16:51 [INFO]   PyQt6: 6.10.0
2025-11-20 14:16:51 [INFO]   NumPy: 2.3.4
2025-11-20 14:16:51 [INFO] 
REQUIRED FILES CHECK:
2025-11-20 14:16:51 [INFO]   ✓ Test_with_img.lys: Found at C:\Users\gehl2\Auto_align_program\Test_with_img.lys
2025-11-20 14:16:51 [INFO]   ✓ Test.GDS: Found at C:\Users\gehl2\Auto_align_program\Test.GDS
2025-11-20 14:16:51 [INFO]   ✓ icon.ico: Found at C:\Users\gehl2\Auto_align_program\icon.ico
2025-11-20 14:16:51 [INFO]   ✓ console_runner.py: Found at C:\Users\gehl2\Auto_align_program\console_runner.py
2025-11-20 14:16:51 [INFO] ================================================================================
2025-11-20 14:16:51 [INFO] Starting Point Align GUI...
2025-11-20 14:16:52 [INFO] GUI initialized successfully
2025-11-20 14:19:09 [INFO] ================================================================================
2025-11-20 14:19:09 [INFO] PointAlign Debug Log - Session started at 2025-11-20 14:19:09.253505
2025-11-20 14:19:09 [INFO] ================================================================================
2025-11-20 14:19:09 [INFO] SYSTEM INFORMATION:
2025-11-20 14:19:09 [INFO]   OS: Windows 11 (10.0.26100)
2025-11-20 14:19:09 [INFO]   Platform: Windows-11-10.0.26100-SP0
2025-11-20 14:19:09 [INFO]   Architecture: AMD64
2025-11-20 14:19:09 [INFO]   Processor: Intel64 Family 6 Model 158 Stepping 10, GenuineIntel
2025-11-20 14:19:09 [INFO]   Python Version: 3.13.7 (tags/v3.13.7:bcee1c3, Aug 14 2025, 14:15:11) [MSC v.1944 64 bit (AMD64)]
2025-11-20 14:19:09 [INFO]   Python Executable: C:\Users\gehl2\AppData\Local\Programs\Python\Python313\python.exe
2025-11-20 14:19:09 [INFO]   Running as: Python script
2025-11-20 14:19:09 [INFO]   Script directory: C:\Users\gehl2\Auto_align_program
2025-11-20 14:19:09 [INFO]   Working directory: C:\Users\gehl2\Auto_align_program
2025-11-20 14:19:09 [INFO] 
INSTALLED PACKAGES:
2025-11-20 14:19:09 [INFO]   OpenCV (cv2): 4.12.0
2025-11-20 14:19:09 [INFO]   Qt Backend: PySide6
2025-11-20 14:19:09 [INFO]   PySide6: 6.9.3
2025-11-20 14:19:09 [INFO]   NumPy: 2.2.6
2025-11-20 14:19:09 [INFO] 
REQUIRED FILES CHECK:
2025-11-20 14:19:09 [INFO]   ✓ Test_with_img.lys: Found at C:\Users\gehl2\Auto_align_program\Test_with_img.lys
2025-11-20 14:19:09 [INFO]   ✓ Test.GDS: Found at C:\Users\gehl2\Auto_align_program\Test.GDS
2025-11-20 14:19:09 [INFO]   ✓ icon.ico: Found at C:\Users\gehl2\Auto_align_program\icon.ico
2025-11-20 14:19:09 [INFO]   ✓ console_runner.py: Found at C:\Users\gehl2\Auto_align_program\console_runner.py
2025-11-20 14:19:09 [INFO] ================================================================================
2025-11-20 14:19:09 [INFO] Starting Point Align GUI...
2025-11-20 14:19:10 [INFO] GUI initialized successfully
2025-11-20 14:20:47 [INFO] Run log file: C:\Users\gehl2\AppData\Local\Temp\PointAlign_run_20251120_142047.log
2025-11-20 14:20:47 [DEBUG] Using Python command: ['py', '-3']
2025-11-20 14:20:47 [INFO] Starting subprocess:
2025-11-20 14:20:47 [INFO]   Command: py -3 -u C:\Users\gehl2\Auto_align_program\point_align_batch_runner_gui.py --files C:/Users/gehl2/Downloads/IMG_2025_07_11_46845.JPG --lys-in C:\Users\gehl2\Auto_align_program\Test_with_img.lys --after (-50,60),(70,60),(-50,-60),(70,-60) --affine --combined-out C:\Users\gehl2\Desktop\Aligned61ByMRL-PENGJIEW-19.lys --auto-review --gds-file C:\Users\gehl2\Auto_align_program\Test.GDS --before (-688.3,473.7),(361.9,485.2),(-677.3,-577.0),(373.5,-563.7)
2025-11-20 14:20:47 [DEBUG] Starting subprocess with creationflags=134217728
2025-11-20 14:20:48 [DEBUG]   [STDOUT] usage: point_align_batch_runner_gui.py [-h] [--glob GLOB |
2025-11-20 14:20:48 [DEBUG]   [STDOUT]                                        --files FILES [FILES ...]] [--gui]
2025-11-20 14:20:48 [DEBUG]   [STDOUT]                                        --lys-in LYS_IN [--out-dir OUT_DIR]
2025-11-20 14:20:48 [DEBUG]   [STDOUT]                                        [--out-suffix OUT_SUFFIX]
2025-11-20 14:20:48 [DEBUG]   [STDOUT]                                        [--combined-out COMBINED_OUT]
2025-11-20 14:20:48 [DEBUG]   [STDOUT]                                        [--affine]
2025-11-20 14:20:48 [DEBUG]   [STDOUT]                                        [--rms-thresh-um RMS_THRESH_UM]
2025-11-20 14:20:48 [DEBUG]   [STDOUT]                                        --after AFTER [--origin-um ORIGIN_UM]
2025-11-20 14:20:48 [DEBUG]   [STDOUT]                                        [--auto] [--auto-review]
2025-11-20 14:20:48 [DEBUG]   [STDOUT]                                        [--auto-canny AUTO_CANNY]
2025-11-20 14:20:48 [DEBUG]   [STDOUT]                                        [--auto-thr AUTO_THR] [--auto-c AUTO_C]
2025-11-20 14:20:48 [DEBUG]   [STDOUT]                                        [--auto-morph AUTO_MORPH]
2025-11-20 14:20:48 [DEBUG]   [STDOUT]                                        [--gds-file GDS_FILE]
2025-11-20 14:20:48 [DEBUG]   [STDOUT] point_align_batch_runner_gui.py: error: unrecognized arguments: --before (-688.3,473.7),(361.9,485.2),(-677.3,-577.0),(373.5,-563.7)
2025-11-20 14:20:48 [INFO] Process completed with exit code: 2
2025-11-20 14:21:36 [INFO] Run log file: C:\Users\gehl2\AppData\Local\Temp\PointAlign_run_20251120_142136.log
2025-11-20 14:21:36 [DEBUG] Using Python command: ['py', '-3']
2025-11-20 14:21:36 [INFO] Starting subprocess:
2025-11-20 14:21:36 [INFO]   Command: py -3 -u C:\Users\gehl2\Auto_align_program\point_align_batch_runner_gui.py --files C:/Users/gehl2/Downloads/IMG_2025_07_11_46845.JPG C:/Users/gehl2/Downloads/IMG_2025_07_25_48936.JPG C:/Users/gehl2/Downloads/IMG_2025_07_25_48935.JPG --lys-in C:\Users\gehl2\Auto_align_program\Test_with_img.lys --after (-50,60),(70,60),(-50,-60),(70,-600) --affine --combined-out C:\Users\gehl2\Desktop\Aligned61ByMRL-PENGJIEW-19.lys --auto-review --gds-file C:\Users\gehl2\Auto_align_program\Test.GDS --before (-688.3,473.7),(361.9,485.2),(-677.3,-577.0),(373.5,-563.7) --before (-720.8,559.5),(329.6,564.0),(-716.9,-489.6),(333.6,-485.7) --before (0,0),(0.1,0),(0,0.1),(0.1,0.1)
2025-11-20 14:21:36 [DEBUG] Starting subprocess with creationflags=134217728
2025-11-20 14:21:37 [DEBUG]   [STDOUT] usage: point_align_batch_runner_gui.py [-h] [--glob GLOB |
2025-11-20 14:21:37 [DEBUG]   [STDOUT]                                        --files FILES [FILES ...]] [--gui]
2025-11-20 14:21:37 [DEBUG]   [STDOUT]                                        --lys-in LYS_IN [--out-dir OUT_DIR]
2025-11-20 14:21:37 [DEBUG]   [STDOUT]                                        [--out-suffix OUT_SUFFIX]
2025-11-20 14:21:37 [DEBUG]   [STDOUT]                                        [--combined-out COMBINED_OUT]
2025-11-20 14:21:37 [DEBUG]   [STDOUT]                                        [--affine]
2025-11-20 14:21:37 [DEBUG]   [STDOUT]                                        [--rms-thresh-um RMS_THRESH_UM]
2025-11-20 14:21:37 [DEBUG]   [STDOUT]                                        --after AFTER [--origin-um ORIGIN_UM]
2025-11-20 14:21:37 [DEBUG]   [STDOUT]                                        [--auto] [--auto-review]
2025-11-20 14:21:37 [DEBUG]   [STDOUT]                                        [--auto-canny AUTO_CANNY]
2025-11-20 14:21:37 [DEBUG]   [STDOUT]                                        [--auto-thr AUTO_THR] [--auto-c AUTO_C]
2025-11-20 14:21:37 [DEBUG]   [STDOUT]                                        [--auto-morph AUTO_MORPH]
2025-11-20 14:21:37 [DEBUG]   [STDOUT]                                        [--gds-file GDS_FILE]
2025-11-20 14:21:37 [DEBUG]   [STDOUT] point_align_batch_runner_gui.py: error: unrecognized arguments: --before (-688.3,473.7),(361.9,485.2),(-677.3,-577.0),(373.5,-563.7) --before (-720.8,559.5),(329.6,564.0),(-716.9,-489.6),(333.6,-485.7) --before (0,0),(0.1,0),(0,0.1),(0.1,0.1)
2025-11-20 14:21:37 [INFO] Process completed with exit code: 2
2025-11-20 14:21:49 [INFO] ================================================================================
2025-11-20 14:21:49 [INFO] PointAlign Debug Log - Session started at 2025-11-20 14:21:49.457684
2025-11-20 14:21:49 [INFO] ================================================================================
2025-11-20 14:21:49 [INFO] SYSTEM INFORMATION:
2025-11-20 14:21:49 [INFO]   OS: Windows 11 (10.0.26100)
2025-11-20 14:21:49 [INFO]   Platform: Windows-11-10.0.26100-SP0
2025-11-20 14:21:49 [INFO]   Architecture: AMD64
2025-11-20 14:21:49 [INFO]   Processor: Intel64 Family 6 Model 158 Stepping 10, GenuineIntel
2025-11-20 14:21:49 [INFO]   Python Version: 3.13.7 (tags/v3.13.7:bcee1c3, Aug 14 2025, 14:15:11) [MSC v.1944 64 bit (AMD64)]
2025-11-20 14:21:49 [INFO]   Python Executable: C:\Users\gehl2\AppData\Local\Programs\Python\Python313\python.exe
2025-11-20 14:21:49 [INFO]   Running as: Python script
2025-11-20 14:21:49 [INFO]   Script directory: C:\Users\gehl2\Auto_align_program
2025-11-20 14:21:49 [INFO]   Working directory: C:\Users\gehl2\Auto_align_program
2025-11-20 14:21:49 [INFO] 
INSTALLED PACKAGES:
2025-11-20 14:21:49 [INFO]   OpenCV (cv2): 4.12.0
2025-11-20 14:21:49 [INFO]   Qt Backend: PySide6
2025-11-20 14:21:49 [INFO]   PySide6: 6.9.3
2025-11-20 14:21:49 [INFO]   NumPy: 2.2.6
2025-11-20 14:21:49 [INFO] 
REQUIRED FILES CHECK:
2025-11-20 14:21:49 [INFO]   ✓ Test_with_img.lys: Found at C:\Users\gehl2\Auto_align_program\Test_with_img.lys
2025-11-20 14:21:49 [INFO]   ✓ Test.GDS: Found at C:\Users\gehl2\Auto_align_program\Test.GDS
2025-11-20 14:21:49 [INFO]   ✓ icon.ico: Found at C:\Users\gehl2\Auto_align_program\icon.ico
2025-11-20 14:21:49 [INFO]   ✓ console_runner.py: Found at C:\Users\gehl2\Auto_align_program\console_runner.py
2025-11-20 14:21:49 [INFO] ================================================================================
2025-11-20 14:21:49 [INFO] Starting Point Align GUI...
2025-11-20 14:21:50 [INFO] ================================================================================
2025-11-20 14:21:50 [INFO] PointAlign Debug Log - Session started at 2025-11-20 14:21:50.173132
2025-11-20 14:21:50 [INFO] ================================================================================
2025-11-20 14:21:50 [INFO] SYSTEM INFORMATION:
2025-11-20 14:21:50 [INFO]   OS: Windows 11 (10.0.26100)
2025-11-20 14:21:50 [INFO]   Platform: Windows-11-10.0.26100-SP0
2025-11-20 14:21:50 [INFO]   Architecture: AMD64
2025-11-20 14:21:50 [INFO]   Processor: Intel64 Family 6 Model 158 Stepping 10, GenuineIntel
2025-11-20 14:21:50 [INFO]   Python Version: 3.14.0 (tags/v3.14.0:ebf955d, Oct  7 2025, 10:15:03) [MSC v.1944 64 bit (AMD64)]
2025-11-20 14:21:50 [INFO]   Python Executable: C:\Python314\python.exe
2025-11-20 14:21:50 [INFO]   Running as: Python script
2025-11-20 14:21:50 [INFO]   Script directory: C:\Users\gehl2\Auto_align_program
2025-11-20 14:21:50 [INFO]   Working directory: C:\Users\gehl2\Auto_align_program
2025-11-20 14:21:50 [INFO] 
INSTALLED PACKAGES:
2025-11-20 14:21:50 [ERROR]   OpenCV (cv2): NOT FOUND - No module named 'cv2'
2025-11-20 14:21:50 [INFO]   Qt Backend: PyQt6
2025-11-20 14:21:50 [INFO]   PyQt6: 6.10.0
2025-11-20 14:21:50 [INFO]   NumPy: 2.3.4
2025-11-20 14:21:50 [INFO] 
REQUIRED FILES CHECK:
2025-11-20 14:21:50 [INFO]   ✓ Test_with_img.lys: Found at C:\Users\gehl2\Auto_align_program\Test_with_img.lys
2025-11-20 14:21:50 [INFO]   ✓ Test.GDS: Found at C:\Users\gehl2\Auto_align_program\Test.GDS
2025-11-20 14:21:50 [INFO]   ✓ icon.ico: Found at C:\Users\gehl2\Auto_align_program\icon.ico
2025-11-20 14:21:50 [INFO]   ✓ console_runner.py: Found at C:\Users\gehl2\Auto_align_program\console_runner.py
2025-11-20 14:21:50 [INFO] ================================================================================
2025-11-20 14:21:50 [INFO] Starting Point Align GUI...
2025-11-20 14:21:50 [INFO] GUI initialized successfully
2025-11-20 14:21:51 [INFO] GUI initialized successfully
2025-11-20 14:24:11 [INFO] ================================================================================
2025-11-20 14:24:11 [INFO] PointAlign Debug Log - Session started at 2025-11-20 14:24:11.657049
2025-11-20 14:24:11 [INFO] ================================================================================
2025-11-20 14:24:11 [INFO] SYSTEM INFORMATION:
2025-11-20 14:24:11 [INFO]   OS: Windows 11 (10.0.26100)
2025-11-20 14:24:12 [INFO]   Platform: Windows-11-10.0.26100-SP0
2025-11-20 14:24:12 [INFO]   Architecture: AMD64
2025-11-20 14:24:12 [INFO]   Processor: Intel64 Family 6 Model 158 Stepping 10, GenuineIntel
2025-11-20 14:24:12 [INFO]   Python Version: 3.13.7 (tags/v3.13.7:bcee1c3, Aug 14 2025, 14:15:11) [MSC v.1944 64 bit (AMD64)]
2025-11-20 14:24:12 [INFO]   Python Executable: C:\Users\gehl2\AppData\Local\Programs\Python\Python313\python.exe
2025-11-20 14:24:12 [INFO]   Running as: Python script
2025-11-20 14:24:12 [INFO]   Script directory: C:\Users\gehl2\Auto_align_program
2025-11-20 14:24:12 [INFO]   Working directory: C:\Users\gehl2\Auto_align_program
2025-11-20 14:24:12 [INFO] 
INSTALLED PACKAGES:
2025-11-20 14:24:12 [INFO]   OpenCV (cv2): 4.12.0
2025-11-20 14:24:12 [INFO]   Qt Backend: PySide6
2025-11-20 14:24:12 [INFO]   PySide6: 6.9.3
2025-11-20 14:24:12 [INFO]   NumPy: 2.2.6
2025-11-20 14:24:12 [INFO] 
REQUIRED FILES CHECK:
2025-11-20 14:24:12 [INFO]   ✓ Test_with_img.lys: Found at C:\Users\gehl2\Auto_align_program\Test_with_img.lys
2025-11-20 14:24:12 [INFO]   ✓ Test.GDS: Found at C:\Users\gehl2\Auto_align_program\Test.GDS
2025-11-20 14:24:12 [INFO]   ✓ icon.ico: Found at C:\Users\gehl2\Auto_align_program\icon.ico
2025-11-20 14:24:12 [INFO]   ✓ console_runner.py: Found at C:\Users\gehl2\Auto_align_program\console_runner.py
2025-11-20 14:24:12 [INFO] ================================================================================
2025-11-20 14:24:12 [INFO] Starting Point Align GUI...
2025-11-20 14:24:12 [INFO] ================================================================================
2025-11-20 14:24:12 [INFO] PointAlign Debug Log - Session started at 2025-11-20 14:24:12.803189
2025-11-20 14:24:12 [INFO] ================================================================================
2025-11-20 14:24:12 [INFO] SYSTEM INFORMATION:
2025-11-20 14:24:12 [INFO]   OS: Windows 11 (10.0.26100)
2025-11-20 14:24:12 [INFO]   Platform: Windows-11-10.0.26100-SP0
2025-11-20 14:24:12 [INFO]   Architecture: AMD64
2025-11-20 14:24:12 [INFO]   Processor: Intel64 Family 6 Model 158 Stepping 10, GenuineIntel
2025-11-20 14:24:12 [INFO]   Python Version: 3.14.0 (tags/v3.14.0:ebf955d, Oct  7 2025, 10:15:03) [MSC v.1944 64 bit (AMD64)]
2025-11-20 14:24:12 [INFO]   Python Executable: C:\Python314\python.exe
2025-11-20 14:24:12 [INFO]   Running as: Python script
2025-11-20 14:24:12 [INFO]   Script directory: C:\Users\gehl2\Auto_align_program
2025-11-20 14:24:12 [INFO]   Working directory: C:\Users\gehl2\Auto_align_program
2025-11-20 14:24:12 [INFO] 
INSTALLED PACKAGES:
2025-11-20 14:24:12 [ERROR]   OpenCV (cv2): NOT FOUND - No module named 'cv2'
2025-11-20 14:24:12 [INFO]   Qt Backend: PyQt6
2025-11-20 14:24:12 [INFO]   PyQt6: 6.10.0
2025-11-20 14:24:13 [INFO] GUI initialized successfully
2025-11-20 14:24:13 [INFO]   NumPy: 2.3.4
2025-11-20 14:24:13 [INFO] 
REQUIRED FILES CHECK:
2025-11-20 14:24:13 [INFO]   ✓ Test_with_img.lys: Found at C:\Users\gehl2\Auto_align_program\Test_with_img.lys
2025-11-20 14:24:13 [INFO]   ✓ Test.GDS: Found at C:\Users\gehl2\Auto_align_program\Test.GDS
2025-11-20 14:24:13 [INFO]   ✓ icon.ico: Found at C:\Users\gehl2\Auto_align_program\icon.ico
2025-11-20 14:24:13 [INFO]   ✓ console_runner.py: Found at C:\Users\gehl2\Auto_align_program\console_runner.py
2025-11-20 14:24:13 [INFO] ================================================================================
2025-11-20 14:24:13 [INFO] Starting Point Align GUI...
2025-11-20 14:24:13 [INFO] GUI initialized successfully
2025-11-20 14:24:25 [INFO] Launching picker for IMG_2025_07_11_46845.JPG
2025-11-20 14:24:38 [INFO] Run log file: C:\Users\gehl2\AppData\Local\Temp\PointAlign_run_20251120_142438.log
2025-11-20 14:24:38 [DEBUG] Using Python command: ['py', '-3']
2025-11-20 14:24:38 [INFO] Starting subprocess:
2025-11-20 14:24:38 [INFO]   Command: py -3 -u C:\Users\gehl2\Auto_align_program\point_align_batch_runner_gui.py --files C:/Users/gehl2/Downloads/IMG_2025_07_11_46845.JPG --lys-in C:\Users\gehl2\Auto_align_program\Test_with_img.lys --after (-50,60),(70,60),(-50,-60),(70,-60) --affine --combined-out C:\Users\gehl2\Desktop\Aligned72ByMRL-PENGJIEW-19.lys --auto-review --gds-file C:\Users\gehl2\Auto_align_program\Test.GDS --before (-688.7,472.9),(361.7,485.8),(-676.0,-576.6),(373.2,-563.8)
2025-11-20 14:24:38 [DEBUG] Starting subprocess with creationflags=134217728
2025-11-20 14:24:38 [DEBUG]   [STDOUT] usage: point_align_batch_runner_gui.py [-h] [--glob GLOB |
2025-11-20 14:24:38 [DEBUG]   [STDOUT]                                        --files FILES [FILES ...]] [--gui]
2025-11-20 14:24:38 [DEBUG]   [STDOUT]                                        --lys-in LYS_IN [--out-dir OUT_DIR]
2025-11-20 14:24:38 [DEBUG]   [STDOUT]                                        [--out-suffix OUT_SUFFIX]
2025-11-20 14:24:38 [DEBUG]   [STDOUT]                                        [--combined-out COMBINED_OUT]
2025-11-20 14:24:38 [DEBUG]   [STDOUT]                                        [--affine]
2025-11-20 14:24:38 [DEBUG]   [STDOUT]                                        [--rms-thresh-um RMS_THRESH_UM]
2025-11-20 14:24:38 [DEBUG]   [STDOUT]                                        --after AFTER [--origin-um ORIGIN_UM]
2025-11-20 14:24:38 [DEBUG]   [STDOUT]                                        [--auto] [--auto-review]
2025-11-20 14:24:38 [DEBUG]   [STDOUT]                                        [--auto-canny AUTO_CANNY]
2025-11-20 14:24:38 [DEBUG]   [STDOUT]                                        [--auto-thr AUTO_THR] [--auto-c AUTO_C]
2025-11-20 14:24:38 [DEBUG]   [STDOUT]                                        [--auto-morph AUTO_MORPH]
2025-11-20 14:24:38 [DEBUG]   [STDOUT]                                        [--gds-file GDS_FILE]
2025-11-20 14:24:38 [DEBUG]   [STDOUT] point_align_batch_runner_gui.py: error: unrecognized arguments: --before (-688.7,472.9),(361.7,485.8),(-676.0,-576.6),(373.2,-563.8)
2025-11-20 14:24:38 [INFO] Process completed with exit code: 2
2025-11-20 14:24:57 [INFO] ================================================================================
2025-11-20 14:24:57 [INFO] PointAlign Debug Log - Session started at 2025-11-20 14:24:57.585242
2025-11-20 14:24:57 [INFO] ================================================================================
2025-11-20 14:24:57 [INFO] SYSTEM INFORMATION:
2025-11-20 14:24:57 [INFO]   OS: Windows 11 (10.0.26100)
2025-11-20 14:24:57 [INFO]   Platform: Windows-11-10.0.26100-SP0
2025-11-20 14:24:57 [INFO]   Architecture: AMD64
2025-11-20 14:24:57 [INFO]   Processor: Intel64 Family 6 Model 158 Stepping 10, GenuineIntel
2025-11-20 14:24:57 [INFO]   Python Version: 3.14.0 (tags/v3.14.0:ebf955d, Oct  7 2025, 10:15:03) [MSC v.1944 64 bit (AMD64)]
2025-11-20 14:24:57 [INFO]   Python Executable: C:\Python314\python.exe
2025-11-20 14:24:57 [INFO]   Running as: Python script
2025-11-20 14:24:57 [INFO]   Script directory: C:\Users\gehl2\Auto_align_program
2025-11-20 14:24:57 [INFO]   Working directory: C:\Users\gehl2\Auto_align_program
2025-11-20 14:24:57 [INFO] 
INSTALLED PACKAGES:
2025-11-20 14:24:57 [ERROR]   OpenCV (cv2): NOT FOUND - No module named 'cv2'
2025-11-20 14:24:57 [INFO]   Qt Backend: PyQt6
2025-11-20 14:24:57 [INFO]   PyQt6: 6.10.0
2025-11-20 14:24:57 [INFO]   NumPy: 2.3.4
2025-11-20 14:24:57 [INFO] 
REQUIRED FILES CHECK:
2025-11-20 14:24:57 [INFO]   ✓ Test_with_img.lys: Found at C:\Users\gehl2\Auto_align_program\Test_with_img.lys
2025-11-20 14:24:57 [INFO]   ✓ Test.GDS: Found at C:\Users\gehl2\Auto_align_program\Test.GDS
2025-11-20 14:24:57 [INFO]   ✓ icon.ico: Found at C:\Users\gehl2\Auto_align_program\icon.ico
2025-11-20 14:24:57 [INFO]   ✓ console_runner.py: Found at C:\Users\gehl2\Auto_align_program\console_runner.py
2025-11-20 14:24:57 [INFO] ================================================================================
2025-11-20 14:24:57 [INFO] Starting Point Align GUI...
2025-11-20 14:24:58 [INFO] GUI initialized successfully
2025-11-20 14:25:21 [INFO] Run log file: C:\Users\gehl2\AppData\Local\Temp\PointAlign_run_20251120_142521.log
2025-11-20 14:25:21 [DEBUG] Using Python command: ['py', '-3']
2025-11-20 14:25:21 [INFO] Starting subprocess:
2025-11-20 14:25:21 [INFO]   Command: py -3 -u C:\Users\gehl2\Auto_align_program\point_align_batch_runner_gui.py --files C:/Users/gehl2/Downloads/IMG_2025_07_11_46845.JPG --lys-in C:\Users\gehl2\Auto_align_program\Test_with_img.lys --after (-50,60),(70,60),(-50,-60),(70,-60) --affine --combined-out C:\Users\gehl2\Desktop\Aligned73ByMRL-PENGJIEW-19.lys --auto-review --gds-file C:\Users\gehl2\Auto_align_program\Test.GDS --before (-688.8,474.6),(362.2,485.7),(-676.9,-576.6),(373.5,-564.3)
2025-11-20 14:25:21 [DEBUG] Starting subprocess with creationflags=134217728
2025-11-20 14:25:21 [DEBUG]   [STDOUT] usage: point_align_batch_runner_gui.py [-h] [--glob GLOB |
2025-11-20 14:25:21 [DEBUG]   [STDOUT]                                        --files FILES [FILES ...]] [--gui]
2025-11-20 14:25:21 [DEBUG]   [STDOUT]                                        --lys-in LYS_IN [--out-dir OUT_DIR]
2025-11-20 14:25:21 [DEBUG]   [STDOUT]                                        [--out-suffix OUT_SUFFIX]
2025-11-20 14:25:21 [DEBUG]   [STDOUT]                                        [--combined-out COMBINED_OUT]
2025-11-20 14:25:21 [DEBUG]   [STDOUT]                                        [--affine]
2025-11-20 14:25:21 [DEBUG]   [STDOUT]                                        [--rms-thresh-um RMS_THRESH_UM]
2025-11-20 14:25:21 [DEBUG]   [STDOUT]                                        --after AFTER [--origin-um ORIGIN_UM]
2025-11-20 14:25:21 [DEBUG]   [STDOUT]                                        [--auto] [--auto-review]
2025-11-20 14:25:21 [DEBUG]   [STDOUT]                                        [--auto-canny AUTO_CANNY]
2025-11-20 14:25:21 [DEBUG]   [STDOUT]                                        [--auto-thr AUTO_THR] [--auto-c AUTO_C]
2025-11-20 14:25:21 [DEBUG]   [STDOUT]                                        [--auto-morph AUTO_MORPH]
2025-11-20 14:25:21 [DEBUG]   [STDOUT]                                        [--gds-file GDS_FILE]
2025-11-20 14:25:21 [DEBUG]   [STDOUT] point_align_batch_runner_gui.py: error: unrecognized arguments: --before (-688.8,474.6),(362.2,485.7),(-676.9,-576.6),(373.5,-564.3)
2025-11-20 14:25:21 [INFO] Process completed with exit code: 2
2025-11-20 14:26:50 [INFO] ================================================================================
2025-11-20 14:26:50 [INFO] PointAlign Debug Log - Session started at 2025-11-20 14:26:50.147626
2025-11-20 14:26:50 [INFO] ================================================================================
2025-11-20 14:26:50 [INFO] SYSTEM INFORMATION:
2025-11-20 14:26:50 [INFO]   OS: Windows 11 (10.0.26100)
2025-11-20 14:26:50 [INFO]   Platform: Windows-11-10.0.26100-SP0
2025-11-20 14:26:50 [INFO]   Architecture: AMD64
2025-11-20 14:26:50 [INFO]   Processor: Intel64 Family 6 Model 158 Stepping 10, GenuineIntel
2025-11-20 14:26:50 [INFO]   Python Version: 3.13.7 (tags/v3.13.7:bcee1c3, Aug 14 2025, 14:15:11) [MSC v.1944 64 bit (AMD64)]
2025-11-20 14:26:50 [INFO]   Python Executable: C:\Users\gehl2\AppData\Local\Programs\Python\Python313\python.exe
2025-11-20 14:26:50 [INFO]   Running as: Python script
2025-11-20 14:26:50 [INFO]   Script directory: C:\Users\gehl2\Auto_align_program
2025-11-20 14:26:50 [INFO]   Working directory: C:\Users\gehl2\Auto_align_program
2025-11-20 14:26:50 [INFO] 
INSTALLED PACKAGES:
2025-11-20 14:26:50 [INFO]   OpenCV (cv2): 4.12.0
2025-11-20 14:26:50 [INFO]   Qt Backend: PySide6
2025-11-20 14:26:50 [INFO]   PySide6: 6.9.3
2025-11-20 14:26:50 [INFO]   NumPy: 2.2.6
2025-11-20 14:26:50 [INFO] 
REQUIRED FILES CHECK:
2025-11-20 14:26:50 [INFO]   ✓ Test_with_img.lys: Found at C:\Users\gehl2\Auto_align_program\Test_with_img.lys
2025-11-20 14:26:50 [INFO]   ✓ Test.GDS: Found at C:\Users\gehl2\Auto_align_program\Test.GDS
2025-11-20 14:26:50 [INFO]   ✓ icon.ico: Found at C:\Users\gehl2\Auto_align_program\icon.ico
2025-11-20 14:26:50 [INFO]   ✓ console_runner.py: Found at C:\Users\gehl2\Auto_align_program\console_runner.py
2025-11-20 14:26:50 [INFO] ================================================================================
2025-11-20 14:26:50 [INFO] Starting Point Align GUI...
2025-11-20 14:26:51 [INFO] GUI initialized successfully
2025-11-20 14:29:47 [INFO] ================================================================================
2025-11-20 14:29:47 [INFO] PointAlign Debug Log - Session started at 2025-11-20 14:29:47.600378
2025-11-20 14:29:47 [INFO] ================================================================================
2025-11-20 14:29:47 [INFO] SYSTEM INFORMATION:
2025-11-20 14:29:47 [INFO]   OS: Windows 11 (10.0.26100)
2025-11-20 14:29:47 [INFO]   Platform: Windows-11-10.0.26100-SP0
2025-11-20 14:29:47 [INFO]   Architecture: AMD64
2025-11-20 14:29:47 [INFO]   Processor: Intel64 Family 6 Model 158 Stepping 10, GenuineIntel
2025-11-20 14:29:47 [INFO]   Python Version: 3.13.7 (tags/v3.13.7:bcee1c3, Aug 14 2025, 14:15:11) [MSC v.1944 64 bit (AMD64)]
2025-11-20 14:29:47 [INFO]   Python Executable: C:\Users\gehl2\AppData\Local\Programs\Python\Python313\python.exe
2025-11-20 14:29:47 [INFO]   Running as: Python script
2025-11-20 14:29:47 [INFO]   Script directory: C:\Users\gehl2\Auto_align_program
2025-11-20 14:29:47 [INFO]   Working directory: C:\Users\gehl2\Auto_align_program
2025-11-20 14:29:47 [INFO] 
INSTALLED PACKAGES:
2025-11-20 14:29:47 [INFO]   OpenCV (cv2): 4.12.0
2025-11-20 14:29:47 [INFO]   Qt Backend: PySide6
2025-11-20 14:29:47 [INFO]   PySide6: 6.9.3
2025-11-20 14:29:47 [INFO]   NumPy: 2.2.6
2025-11-20 14:29:47 [INFO] 
REQUIRED FILES CHECK:
2025-11-20 14:29:47 [INFO]   ✓ Test_with_img.lys: Found at C:\Users\gehl2\Auto_align_program\Test_with_img.lys
2025-11-20 14:29:47 [INFO]   ✓ Test.GDS: Found at C:\Users\gehl2\Auto_align_program\Test.GDS
2025-11-20 14:29:47 [INFO]   ✓ icon.ico: Found at C:\Users\gehl2\Auto_align_program\icon.ico
2025-11-20 14:29:47 [INFO]   ✓ console_runner.py: Found at C:\Users\gehl2\Auto_align_program\console_runner.py
2025-11-20 14:29:47 [INFO] ================================================================================
2025-11-20 14:29:47 [INFO] Starting Point Align GUI...
2025-11-20 14:29:48 [INFO] GUI initialized successfully
2025-11-20 14:30:47 [INFO] ================================================================================
2025-11-20 14:30:47 [INFO] PointAlign Debug Log - Session started at 2025-11-20 14:30:47.969073
2025-11-20 14:30:47 [INFO] ================================================================================
2025-11-20 14:30:47 [INFO] SYSTEM INFORMATION:
2025-11-20 14:30:48 [INFO]   OS: Windows 11 (10.0.26100)
2025-11-20 14:30:48 [INFO]   Platform: Windows-11-10.0.26100-SP0
2025-11-20 14:30:48 [INFO]   Architecture: AMD64
2025-11-20 14:30:48 [INFO]   Processor: Intel64 Family 6 Model 158 Stepping 10, GenuineIntel
2025-11-20 14:30:48 [INFO]   Python Version: 3.14.0 (tags/v3.14.0:ebf955d, Oct  7 2025, 10:15:03) [MSC v.1944 64 bit (AMD64)]
2025-11-20 14:30:48 [INFO]   Python Executable: C:\Python314\python.exe
2025-11-20 14:30:48 [INFO]   Running as: Python script
2025-11-20 14:30:48 [INFO]   Script directory: C:\Users\gehl2\Auto_align_program
2025-11-20 14:30:48 [INFO]   Working directory: C:\Users\gehl2\Auto_align_program
2025-11-20 14:30:48 [INFO] 
INSTALLED PACKAGES:
2025-11-20 14:30:48 [ERROR]   OpenCV (cv2): NOT FOUND - No module named 'cv2'
2025-11-20 14:30:48 [INFO]   Qt Backend: PyQt6
2025-11-20 14:30:48 [INFO]   PyQt6: 6.10.0
2025-11-20 14:30:48 [INFO]   NumPy: 2.3.4
2025-11-20 14:30:48 [INFO] 
REQUIRED FILES CHECK:
2025-11-20 14:30:48 [INFO]   ✓ Test_with_img.lys: Found at C:\Users\gehl2\Auto_align_program\Test_with_img.lys
2025-11-20 14:30:48 [INFO]   ✓ Test.GDS: Found at C:\Users\gehl2\Auto_align_program\Test.GDS
2025-11-20 14:30:48 [INFO]   ✓ icon.ico: Found at C:\Users\gehl2\Auto_align_program\icon.ico
2025-11-20 14:30:48 [INFO]   ✓ console_runner.py: Found at C:\Users\gehl2\Auto_align_program\console_runner.py
2025-11-20 14:30:48 [INFO] ================================================================================
2025-11-20 14:30:48 [INFO] Starting Point Align GUI...
2025-11-20 14:30:49 [INFO] GUI initialized successfully
2025-11-20 14:31:28 [INFO] Run log file: C:\Users\gehl2\AppData\Local\Temp\PointAlign_run_20251120_143128.log
2025-11-20 14:31:28 [DEBUG] Using Python command: ['py', '-3']
2025-11-20 14:31:28 [INFO] Starting subprocess:
2025-11-20 14:31:28 [INFO]   Command: py -3 -u C:\Users\gehl2\Auto_align_program\point_align_batch_runner_gui.py --files C:/Users/gehl2/Downloads/IMG_2025_07_11_46845.JPG --lys-in C:\Users\gehl2\Auto_align_program\Test_with_img.lys --after (-50,60),(70,60),(-50,-60),(70,-60) --affine --combined-out C:\Users\gehl2\Desktop\Aligned76ByMRL-PENGJIEW-19.lys --auto-review --gds-file C:\Users\gehl2\Auto_align_program\Test.GDS --before (-690.5,473.5),(361.9,486.6),(-676.4,-575.5),(373.2,-564.0)
2025-11-20 14:31:28 [DEBUG] Starting subprocess with creationflags=134217728
2025-11-20 14:31:28 [DEBUG]   [STDOUT] usage: point_align_batch_runner_gui.py [-h] [--glob GLOB |
2025-11-20 14:31:28 [DEBUG]   [STDOUT]                                        --files FILES [FILES ...]] [--gui]
2025-11-20 14:31:28 [DEBUG]   [STDOUT]                                        --lys-in LYS_IN [--out-dir OUT_DIR]
2025-11-20 14:31:28 [DEBUG]   [STDOUT]                                        [--out-suffix OUT_SUFFIX]
2025-11-20 14:31:28 [DEBUG]   [STDOUT]                                        [--combined-out COMBINED_OUT]
2025-11-20 14:31:28 [DEBUG]   [STDOUT]                                        [--affine]
2025-11-20 14:31:28 [DEBUG]   [STDOUT]                                        [--rms-thresh-um RMS_THRESH_UM]
2025-11-20 14:31:28 [DEBUG]   [STDOUT]                                        --after AFTER [--origin-um ORIGIN_UM]
2025-11-20 14:31:28 [DEBUG]   [STDOUT]                                        [--auto] [--auto-review]
2025-11-20 14:31:28 [DEBUG]   [STDOUT]                                        [--auto-canny AUTO_CANNY]
2025-11-20 14:31:28 [DEBUG]   [STDOUT]                                        [--auto-thr AUTO_THR] [--auto-c AUTO_C]
2025-11-20 14:31:28 [DEBUG]   [STDOUT]                                        [--auto-morph AUTO_MORPH]
2025-11-20 14:31:28 [DEBUG]   [STDOUT]                                        [--gds-file GDS_FILE]
2025-11-20 14:31:28 [DEBUG]   [STDOUT] point_align_batch_runner_gui.py: error: unrecognized arguments: --before (-690.5,473.5),(361.9,486.6),(-676.4,-575.5),(373.2,-564.0)
2025-11-20 14:31:28 [INFO] Process completed with exit code: 2
2025-11-20 14:31:44 [INFO] Run log file: C:\Users\gehl2\AppData\Local\Temp\PointAlign_run_20251120_143144.log
2025-11-20 14:31:44 [DEBUG] Using Python command: ['py', '-3']
2025-11-20 14:31:44 [INFO] Starting subprocess:
2025-11-20 14:31:44 [INFO]   Command: py -3 -u C:\Users\gehl2\Auto_align_program\point_align_batch_runner_gui.py --files C:/Users/gehl2/Downloads/IMG_2025_07_11_46845.JPG --lys-in C:\Users\gehl2\Auto_align_program\Test_with_img.lys --after (-50,60),(70,60),(-50,-60),(70,-60) --affine --combined-out C:\Users\gehl2\Desktop\Aligned76ByMRL-PENGJIEW-19.lys --auto-review --gds-file C:\Users\gehl2\Auto_align_program\Test.GDS --before (-690.5,473.5),(361.9,486.6),(-676.4,-575.5),(373.2,-564.0)
2025-11-20 14:31:44 [DEBUG] Starting subprocess with creationflags=134217728
2025-11-20 14:31:44 [DEBUG]   [STDOUT] usage: point_align_batch_runner_gui.py [-h] [--glob GLOB |
2025-11-20 14:31:44 [DEBUG]   [STDOUT]                                        --files FILES [FILES ...]] [--gui]
2025-11-20 14:31:44 [DEBUG]   [STDOUT]                                        --lys-in LYS_IN [--out-dir OUT_DIR]
2025-11-20 14:31:44 [DEBUG]   [STDOUT]                                        [--out-suffix OUT_SUFFIX]
2025-11-20 14:31:44 [DEBUG]   [STDOUT]                                        [--combined-out COMBINED_OUT]
2025-11-20 14:31:44 [DEBUG]   [STDOUT]                                        [--affine]
2025-11-20 14:31:44 [DEBUG]   [STDOUT]                                        [--rms-thresh-um RMS_THRESH_UM]
2025-11-20 14:31:44 [DEBUG]   [STDOUT]                                        --after AFTER [--origin-um ORIGIN_UM]
2025-11-20 14:31:44 [DEBUG]   [STDOUT]                                        [--auto] [--auto-review]
2025-11-20 14:31:44 [DEBUG]   [STDOUT]                                        [--auto-canny AUTO_CANNY]
2025-11-20 14:31:44 [DEBUG]   [STDOUT]                                        [--auto-thr AUTO_THR] [--auto-c AUTO_C]
2025-11-20 14:31:44 [DEBUG]   [STDOUT]                                        [--auto-morph AUTO_MORPH]
2025-11-20 14:31:44 [DEBUG]   [STDOUT]                                        [--gds-file GDS_FILE]
2025-11-20 14:31:44 [DEBUG]   [STDOUT] point_align_batch_runner_gui.py: error: unrecognized arguments: --before (-690.5,473.5),(361.9,486.6),(-676.4,-575.5),(373.2,-564.0)
2025-11-20 14:31:44 [INFO] Process completed with exit code: 2
2025-11-20 14:32:41 [INFO] ================================================================================
2025-11-20 14:32:41 [INFO] PointAlign Debug Log - Session started at 2025-11-20 14:32:41.438122
2025-11-20 14:32:41 [INFO] ================================================================================
2025-11-20 14:32:41 [INFO] SYSTEM INFORMATION:
2025-11-20 14:32:41 [INFO]   OS: Windows 11 (10.0.26100)
2025-11-20 14:32:41 [INFO]   Platform: Windows-11-10.0.26100-SP0
2025-11-20 14:32:41 [INFO]   Architecture: AMD64
2025-11-20 14:32:41 [INFO]   Processor: Intel64 Family 6 Model 158 Stepping 10, GenuineIntel
2025-11-20 14:32:41 [INFO]   Python Version: 3.14.0 (tags/v3.14.0:ebf955d, Oct  7 2025, 10:15:03) [MSC v.1944 64 bit (AMD64)]
2025-11-20 14:32:41 [INFO]   Python Executable: C:\Python314\python.exe
2025-11-20 14:32:41 [INFO]   Running as: Python script
2025-11-20 14:32:41 [INFO]   Script directory: C:\Users\gehl2\Auto_align_program
2025-11-20 14:32:41 [INFO]   Working directory: C:\Users\gehl2\Auto_align_program
2025-11-20 14:32:41 [INFO] 
INSTALLED PACKAGES:
2025-11-20 14:32:41 [ERROR]   OpenCV (cv2): NOT FOUND - No module named 'cv2'
2025-11-20 14:32:41 [INFO]   Qt Backend: PyQt6
2025-11-20 14:32:41 [INFO]   PyQt6: 6.10.0
2025-11-20 14:32:41 [INFO]   NumPy: 2.3.4
2025-11-20 14:32:41 [INFO] 
REQUIRED FILES CHECK:
2025-11-20 14:32:41 [INFO]   ✓ Test_with_img.lys: Found at C:\Users\gehl2\Auto_align_program\Test_with_img.lys
2025-11-20 14:32:41 [INFO]   ✓ Test.GDS: Found at C:\Users\gehl2\Auto_align_program\Test.GDS
2025-11-20 14:32:41 [INFO]   ✓ icon.ico: Found at C:\Users\gehl2\Auto_align_program\icon.ico
2025-11-20 14:32:41 [INFO]   ✓ console_runner.py: Found at C:\Users\gehl2\Auto_align_program\console_runner.py
2025-11-20 14:32:41 [INFO] ================================================================================
2025-11-20 14:32:41 [INFO] Starting Point Align GUI...
2025-11-20 14:32:42 [INFO] GUI initialized successfully
2025-11-20 14:35:07 [INFO] ================================================================================
2025-11-20 14:35:07 [INFO] PointAlign Debug Log - Session started at 2025-11-20 14:35:07.810180
2025-11-20 14:35:07 [INFO] ================================================================================
2025-11-20 14:35:07 [INFO] SYSTEM INFORMATION:
2025-11-20 14:35:07 [INFO]   OS: Windows 11 (10.0.26100)
2025-11-20 14:35:08 [INFO]   Platform: Windows-11-10.0.26100-SP0
2025-11-20 14:35:08 [INFO]   Architecture: AMD64
2025-11-20 14:35:08 [INFO]   Processor: Intel64 Family 6 Model 158 Stepping 10, GenuineIntel
2025-11-20 14:35:08 [INFO]   Python Version: 3.13.7 (tags/v3.13.7:bcee1c3, Aug 14 2025, 14:15:11) [MSC v.1944 64 bit (AMD64)]
2025-11-20 14:35:08 [INFO]   Python Executable: C:\Users\gehl2\AppData\Local\Programs\Python\Python313\python.exe
2025-11-20 14:35:08 [INFO]   Running as: Python script
2025-11-20 14:35:08 [INFO]   Script directory: C:\Users\gehl2\Auto_align_program
2025-11-20 14:35:08 [INFO]   Working directory: C:\Users\gehl2\Auto_align_program
2025-11-20 14:35:08 [INFO] 
INSTALLED PACKAGES:
2025-11-20 14:35:08 [INFO]   OpenCV (cv2): 4.12.0
2025-11-20 14:35:08 [INFO]   Qt Backend: PySide6
2025-11-20 14:35:08 [INFO]   PySide6: 6.9.3
2025-11-20 14:35:08 [INFO]   NumPy: 2.2.6
2025-11-20 14:35:08 [INFO] 
REQUIRED FILES CHECK:
2025-11-20 14:35:08 [INFO]   ✓ Test_with_img.lys: Found at C:\Users\gehl2\Auto_align_program\Test_with_img.lys
2025-11-20 14:35:08 [INFO]   ✓ Test.GDS: Found at C:\Users\gehl2\Auto_align_program\Test.GDS
2025-11-20 14:35:08 [INFO]   ✓ icon.ico: Found at C:\Users\gehl2\Auto_align_program\icon.ico
2025-11-20 14:35:08 [INFO]   ✓ console_runner.py: Found at C:\Users\gehl2\Auto_align_program\console_runner.py
2025-11-20 14:35:08 [INFO] ================================================================================
2025-11-20 14:35:08 [INFO] Starting Point Align GUI...
2025-11-20 14:35:08 [INFO] GUI initialized successfully
2025-11-20 14:35:32 [INFO] ================================================================================
2025-11-20 14:35:32 [INFO] PointAlign Debug Log - Session started at 2025-11-20 14:35:32.240996
2025-11-20 14:35:32 [INFO] ================================================================================
2025-11-20 14:35:32 [INFO] SYSTEM INFORMATION:
2025-11-20 14:35:32 [INFO]   OS: Windows 11 (10.0.26100)
2025-11-20 14:35:32 [INFO]   Platform: Windows-11-10.0.26100-SP0
2025-11-20 14:35:32 [INFO]   Architecture: AMD64
2025-11-20 14:35:32 [INFO]   Processor: Intel64 Family 6 Model 158 Stepping 10, GenuineIntel
2025-11-20 14:35:32 [INFO]   Python Version: 3.14.0 (tags/v3.14.0:ebf955d, Oct  7 2025, 10:15:03) [MSC v.1944 64 bit (AMD64)]
2025-11-20 14:35:32 [INFO]   Python Executable: C:\Python314\python.exe
2025-11-20 14:35:32 [INFO]   Running as: Python script
2025-11-20 14:35:32 [INFO]   Script directory: C:\Users\gehl2\Auto_align_program
2025-11-20 14:35:32 [INFO]   Working directory: C:\Users\gehl2\Auto_align_program
2025-11-20 14:35:32 [INFO] 
INSTALLED PACKAGES:
2025-11-20 14:35:32 [ERROR]   OpenCV (cv2): NOT FOUND - No module named 'cv2'
2025-11-20 14:35:32 [INFO]   Qt Backend: PyQt6
2025-11-20 14:35:32 [INFO]   PyQt6: 6.10.0
2025-11-20 14:35:32 [INFO]   NumPy: 2.3.4
2025-11-20 14:35:32 [INFO] 
REQUIRED FILES CHECK:
2025-11-20 14:35:32 [INFO]   ✓ Test_with_img.lys: Found at C:\Users\gehl2\Auto_align_program\Test_with_img.lys
2025-11-20 14:35:32 [INFO]   ✓ Test.GDS: Found at C:\Users\gehl2\Auto_align_program\Test.GDS
2025-11-20 14:35:32 [INFO]   ✓ icon.ico: Found at C:\Users\gehl2\Auto_align_program\icon.ico
2025-11-20 14:35:32 [INFO]   ✓ console_runner.py: Found at C:\Users\gehl2\Auto_align_program\console_runner.py
2025-11-20 14:35:32 [INFO] ================================================================================
2025-11-20 14:35:32 [INFO] Starting Point Align GUI...
2025-11-20 14:35:33 [INFO] GUI initialized successfully
2025-11-20 14:35:53 [INFO] Run log file: C:\Users\gehl2\AppData\Local\Temp\PointAlign_run_20251120_143553.log
2025-11-20 14:35:53 [DEBUG] Using Python command: ['py', '-3']
2025-11-20 14:35:53 [INFO] Starting subprocess:
2025-11-20 14:35:53 [INFO]   Command: py -3 -u C:\Users\gehl2\Auto_align_program\point_align_batch_runner_gui.py --files C:/Users/gehl2/Downloads/IMG_2025_07_11_46845.JPG --lys-in C:\Users\gehl2\Auto_align_program\Test_with_img.lys --after (-50,60),(70,60),(-50,-60),(70,-60) --affine --combined-out C:\Users\gehl2\Desktop\Aligned84ByMRL-PENGJIEW-19.lys --auto-review --gds-file C:\Users\gehl2\Auto_align_program\Test.GDS --before (-689.7,473.9),(361.3,485.4),(-676.4,-575.5),(373.2,-563.8)
2025-11-20 14:35:53 [DEBUG] Starting subprocess with creationflags=134217728
2025-11-20 14:35:54 [DEBUG]   [STDOUT] usage: point_align_batch_runner_gui.py [-h] [--glob GLOB |
2025-11-20 14:35:54 [DEBUG]   [STDOUT]                                        --files FILES [FILES ...]] [--gui]
2025-11-20 14:35:54 [DEBUG]   [STDOUT]                                        --lys-in LYS_IN [--out-dir OUT_DIR]
2025-11-20 14:35:54 [DEBUG]   [STDOUT]                                        [--out-suffix OUT_SUFFIX]
2025-11-20 14:35:54 [DEBUG]   [STDOUT]                                        [--combined-out COMBINED_OUT]
2025-11-20 14:35:54 [DEBUG]   [STDOUT]                                        [--affine]
2025-11-20 14:35:54 [DEBUG]   [STDOUT]                                        [--rms-thresh-um RMS_THRESH_UM]
2025-11-20 14:35:54 [DEBUG]   [STDOUT]                                        --after AFTER [--origin-um ORIGIN_UM]
2025-11-20 14:35:54 [DEBUG]   [STDOUT]                                        [--auto] [--auto-review]
2025-11-20 14:35:54 [DEBUG]   [STDOUT]                                        [--auto-canny AUTO_CANNY]
2025-11-20 14:35:54 [DEBUG]   [STDOUT]                                        [--auto-thr AUTO_THR] [--auto-c AUTO_C]
2025-11-20 14:35:54 [DEBUG]   [STDOUT]                                        [--auto-morph AUTO_MORPH]
2025-11-20 14:35:54 [DEBUG]   [STDOUT]                                        [--gds-file GDS_FILE]
2025-11-20 14:35:54 [DEBUG]   [STDOUT] point_align_batch_runner_gui.py: error: unrecognized arguments: --before (-689.7,473.9),(361.3,485.4),(-676.4,-575.5),(373.2,-563.8)
2025-11-20 14:35:54 [INFO] Process completed with exit code: 2
2025-11-20 14:38:18 [INFO] ================================================================================
2025-11-20 14:38:18 [INFO] PointAlign Debug Log - Session started at 2025-11-20 14:38:18.698320
2025-11-20 14:38:18 [INFO] ================================================================================
2025-11-20 14:38:18 [INFO] SYSTEM INFORMATION:
2025-11-20 14:38:18 [INFO]   OS: Windows 11 (10.0.26100)
2025-11-20 14:38:18 [INFO]   Platform: Windows-11-10.0.26100-SP0
2025-11-20 14:38:18 [INFO]   Architecture: AMD64
2025-11-20 14:38:18 [INFO]   Processor: Intel64 Family 6 Model 158 Stepping 10, GenuineIntel
2025-11-20 14:38:18 [INFO]   Python Version: 3.13.7 (tags/v3.13.7:bcee1c3, Aug 14 2025, 14:15:11) [MSC v.1944 64 bit (AMD64)]
2025-11-20 14:38:18 [INFO]   Python Executable: C:\Users\gehl2\AppData\Local\Programs\Python\Python313\python.exe
2025-11-20 14:38:18 [INFO]   Running as: Python script
2025-11-20 14:38:18 [INFO]   Script directory: C:\Users\gehl2\Auto_align_program
2025-11-20 14:38:18 [INFO]   Working directory: C:\Users\gehl2\Auto_align_program
2025-11-20 14:38:18 [INFO] 
INSTALLED PACKAGES:
2025-11-20 14:38:19 [INFO]   OpenCV (cv2): 4.12.0
2025-11-20 14:38:19 [INFO]   Qt Backend: PySide6
2025-11-20 14:38:19 [INFO]   PySide6: 6.9.3
2025-11-20 14:38:19 [INFO]   NumPy: 2.2.6
2025-11-20 14:38:19 [INFO] 
REQUIRED FILES CHECK:
2025-11-20 14:38:19 [INFO]   ✓ Test_with_img.lys: Found at C:\Users\gehl2\Auto_align_program\Test_with_img.lys
2025-11-20 14:38:19 [INFO]   ✓ Test.GDS: Found at C:\Users\gehl2\Auto_align_program\Test.GDS
2025-11-20 14:38:19 [INFO]   ✓ icon.ico: Found at C:\Users\gehl2\Auto_align_program\icon.ico
2025-11-20 14:38:19 [INFO]   ✓ console_runner.py: Found at C:\Users\gehl2\Auto_align_program\console_runner.py
2025-11-20 14:38:19 [INFO] ================================================================================
2025-11-20 14:38:19 [INFO] Starting Point Align GUI...
2025-11-20 14:38:19 [INFO] GUI initialized successfully
2025-11-20 14:40:15 [INFO] Run log file: C:\Users\gehl2\AppData\Local\Temp\PointAlign_run_20251120_144015.log
2025-11-20 14:40:15 [DEBUG] Using Python command: ['py', '-3']
2025-11-20 14:40:15 [INFO] Starting subprocess:
2025-11-20 14:40:15 [INFO]   Command: py -3 -u C:\Users\gehl2\Auto_align_program\point_align_batch_runner_gui.py --files C:/Users/gehl2/Downloads/IMG_2025_07_11_46845.JPG --lys-in C:\Users\gehl2\Auto_align_program\Test_with_img.lys --after (-50,60),(70,60),(-50,-60),(70,-60) --affine --combined-out C:\Users\gehl2\Desktop\Aligned85ByMRL-PENGJIEW-19.lys --auto-review --gds-file C:\Users\gehl2\Auto_align_program\Test.GDS
2025-11-20 14:40:15 [DEBUG] Starting subprocess with creationflags=134217728
2025-11-20 14:40:33 [DEBUG]   [STDOUT] [OK] IMG_2025_07_11_46845.JPG → C:\Users\gehl2\Desktop\Aligned85ByMRL-PENGJIEW-19.lys (RMS=0.017 µm)
2025-11-20 14:40:33 [DEBUG]   [STDOUT] Done. Appended 1/1 images into: C:\Users\gehl2\Desktop\Aligned85ByMRL-PENGJIEW-19.lys
2025-11-20 14:40:33 [INFO] Process completed with exit code: 0
2025-11-20 15:17:56 [INFO] Run log file: C:\Users\gehl2\AppData\Local\Temp\PointAlign_run_20251120_151756.log
2025-11-20 15:17:56 [DEBUG] Using Python command: ['py', '-3']
2025-11-20 15:17:56 [INFO] Starting subprocess:
2025-11-20 15:17:56 [INFO]   Command: py -3 -u C:\Users\gehl2\Auto_align_program\point_align_batch_runner_gui.py --files C:/Users/gehl2/Downloads/IMG_2025_07_11_46845.JPG C:/Users/gehl2/Downloads/IMG_2025_08_21_51204.JPG C:/Users/gehl2/Downloads/IMG_2025_07_25_48938.JPG C:/Users/gehl2/Downloads/IMG_2025_07_25_48937.JPG C:/Users/gehl2/Downloads/IMG_2025_07_25_48936.JPG C:/Users/gehl2/Downloads/IMG_2025_07_25_48935.JPG --lys-in C:\Users\gehl2\Auto_align_program\Test_with_img.lys --after (-50,60),(70,60),(-50,-60),(70,-60) --affine --combined-out C:\Users\gehl2\Desktop\Aligned86ByMRL-PENGJIEW-19.lys --auto-review --gds-file C:\Users\gehl2\Auto_align_program\Test.GDS
2025-11-20 15:17:56 [DEBUG] Starting subprocess with creationflags=134217728
2025-11-20 15:18:00 [DEBUG]   [STDOUT] [FAIL] C:\Users\gehl2\Downloads\IMG_2025_07_11_46845.JPG: No points were picked.
2025-11-20 15:18:02 [DEBUG]   [STDOUT] [FAIL] C:\Users\gehl2\Downloads\IMG_2025_08_21_51204.JPG: No points were picked.
2025-11-20 15:18:02 [DEBUG]   [STDOUT] [FAIL] C:\Users\gehl2\Downloads\IMG_2025_07_25_48938.JPG: No points were picked.
2025-11-20 15:18:03 [DEBUG]   [STDOUT] [FAIL] C:\Users\gehl2\Downloads\IMG_2025_07_25_48937.JPG: No points were picked.
2025-11-20 15:18:04 [DEBUG]   [STDOUT] [FAIL] C:\Users\gehl2\Downloads\IMG_2025_07_25_48936.JPG: No points were picked.
2025-11-20 15:18:05 [DEBUG]   [STDOUT] [FAIL] C:\Users\gehl2\Downloads\IMG_2025_07_25_48935.JPG: No points were picked.
2025-11-20 15:18:05 [DEBUG]   [STDOUT] Done. Appended 0/6 images into: C:\Users\gehl2\Desktop\Aligned86ByMRL-PENGJIEW-19.lys
2025-11-20 15:18:05 [INFO] Process completed with exit code: 1
2025-11-20 15:19:54 [INFO] Run log file: C:\Users\gehl2\AppData\Local\Temp\PointAlign_run_20251120_151954.log
2025-11-20 15:19:55 [DEBUG] Using Python command: ['py', '-3']
2025-11-20 15:19:55 [INFO] Starting subprocess:
2025-11-20 15:19:55 [INFO]   Command: py -3 -u C:\Users\gehl2\Auto_align_program\point_align_batch_runner_gui.py --files C:/Users/gehl2/Downloads/IMG_2025_07_11_46845.JPG --lys-in C:\Users\gehl2\Auto_align_program\Test_with_img.lys --after (-50,60),(70,60),(-50,-60),(70,-60) --affine --combined-out C:\Users\gehl2\Desktop\test123.lys --auto-review --gds-file C:\Users\gehl2\Auto_align_program\Test.GDS
2025-11-20 15:19:55 [DEBUG] Starting subprocess with creationflags=134217728
2025-11-20 15:19:59 [DEBUG]   [STDOUT] [FAIL] C:\Users\gehl2\Downloads\IMG_2025_07_11_46845.JPG: No points were picked.
2025-11-20 15:19:59 [DEBUG]   [STDOUT] Done. Appended 0/1 images into: C:\Users\gehl2\Desktop\test123.lys
2025-11-20 15:19:59 [INFO] Process completed with exit code: 1
2025-11-20 17:41:48 [INFO] ================================================================================
2025-11-20 17:41:48 [INFO] PointAlign Debug Log - Session started at 2025-11-20 17:41:48.785227
2025-11-20 17:41:48 [INFO] ================================================================================
2025-11-20 17:41:48 [INFO] SYSTEM INFORMATION:
2025-11-20 17:41:48 [INFO]   OS: Windows 11 (10.0.26100)
2025-11-20 17:41:48 [INFO]   Platform: Windows-11-10.0.26100-SP0
2025-11-20 17:41:48 [INFO]   Architecture: AMD64
2025-11-20 17:41:48 [INFO]   Processor: Intel64 Family 6 Model 158 Stepping 10, GenuineIntel
2025-11-20 17:41:48 [INFO]   Python Version: 3.13.7 (tags/v3.13.7:bcee1c3, Aug 14 2025, 14:15:11) [MSC v.1944 64 bit (AMD64)]
2025-11-20 17:41:48 [INFO]   Python Executable: C:\Users\gehl2\AppData\Local\Programs\Python\Python313\python.exe
2025-11-20 17:41:48 [INFO]   Running as: Python script
2025-11-20 17:41:48 [INFO]   Script directory: C:\Users\gehl2\Auto_align_program
2025-11-20 17:41:48 [INFO]   Working directory: C:\Users\gehl2\Auto_align_program
2025-11-20 17:41:48 [INFO] 
INSTALLED PACKAGES:
2025-11-20 17:41:49 [INFO]   OpenCV (cv2): 4.12.0
2025-11-20 17:41:49 [INFO]   Qt Backend: PySide6
2025-11-20 17:41:49 [INFO]   PySide6: 6.9.3
2025-11-20 17:41:49 [INFO]   NumPy: 2.2.6
2025-11-20 17:41:49 [INFO] 
REQUIRED FILES CHECK:
2025-11-20 17:41:49 [INFO]   ✓ Test_with_img.lys: Found at C:\Users\gehl2\Auto_align_program\Test_with_img.lys
2025-11-20 17:41:49 [INFO]   ✓ Test.GDS: Found at C:\Users\gehl2\Auto_align_program\Test.GDS
2025-11-20 17:41:49 [INFO]   ✓ icon.ico: Found at C:\Users\gehl2\Auto_align_program\icon.ico
2025-11-20 17:41:49 [INFO]   ✓ console_runner.py: Found at C:\Users\gehl2\Auto_align_program\console_runner.py
2025-11-20 17:41:49 [INFO] ================================================================================
2025-11-20 17:41:49 [INFO] Starting Point Align GUI...
2025-11-20 17:41:49 [INFO] GUI initialized successfully
2025-11-20 17:43:58 [INFO] ================================================================================
2025-11-20 17:43:58 [INFO] PointAlign Debug Log - Session started at 2025-11-20 17:43:58.484397
2025-11-20 17:43:58 [INFO] ================================================================================
2025-11-20 17:43:58 [INFO] SYSTEM INFORMATION:
2025-11-20 17:43:58 [INFO]   OS: Windows 11 (10.0.26100)
2025-11-20 17:43:58 [INFO]   Platform: Windows-11-10.0.26100-SP0
2025-11-20 17:43:58 [INFO]   Architecture: AMD64
2025-11-20 17:43:58 [INFO]   Processor: Intel64 Family 6 Model 158 Stepping 10, GenuineIntel
2025-11-20 17:43:58 [INFO]   Python Version: 3.13.7 (tags/v3.13.7:bcee1c3, Aug 14 2025, 14:15:11) [MSC v.1944 64 bit (AMD64)]
2025-11-20 17:43:58 [INFO]   Python Executable: C:\Users\gehl2\AppData\Local\Programs\Python\Python313\python.exe
2025-11-20 17:43:58 [INFO]   Running as: Python script
2025-11-20 17:43:58 [INFO]   Script directory: C:\Users\gehl2\Auto_align_program
2025-11-20 17:43:58 [INFO]   Working directory: C:\Users\gehl2\Auto_align_program
2025-11-20 17:43:58 [INFO] 
INSTALLED PACKAGES:
2025-11-20 17:43:58 [INFO]   OpenCV (cv2): 4.12.0
2025-11-20 17:43:58 [INFO]   Qt Backend: PySide6
2025-11-20 17:43:58 [INFO]   PySide6: 6.9.3
2025-11-20 17:43:58 [INFO]   NumPy: 2.2.6
2025-11-20 17:43:58 [INFO] 
REQUIRED FILES CHECK:
2025-11-20 17:43:58 [INFO]   ✓ Test_with_img.lys: Found at C:\Users\gehl2\Auto_align_program\Test_with_img.lys
2025-11-20 17:43:58 [INFO]   ✓ Test.GDS: Found at C:\Users\gehl2\Auto_align_program\Test.GDS
2025-11-20 17:43:58 [INFO]   ✓ icon.ico: Found at C:\Users\gehl2\Auto_align_program\icon.ico
2025-11-20 17:43:58 [INFO]   ✓ console_runner.py: Found at C:\Users\gehl2\Auto_align_program\console_runner.py
2025-11-20 17:43:58 [INFO] ================================================================================
2025-11-20 17:43:58 [INFO] Starting Point Align GUI...
2025-11-20 17:43:59 [INFO] GUI initialized successfully
2025-11-20 17:46:51 [INFO] ================================================================================
2025-11-20 17:46:51 [INFO] PointAlign Debug Log - Session started at 2025-11-20 17:46:51.139705
2025-11-20 17:46:51 [INFO] ================================================================================
2025-11-20 17:46:51 [INFO] SYSTEM INFORMATION:
2025-11-20 17:46:51 [INFO]   OS: Windows 11 (10.0.26100)
2025-11-20 17:46:51 [INFO]   Platform: Windows-11-10.0.26100-SP0
2025-11-20 17:46:51 [INFO]   Architecture: AMD64
2025-11-20 17:46:51 [INFO]   Processor: Intel64 Family 6 Model 158 Stepping 10, GenuineIntel
2025-11-20 17:46:51 [INFO]   Python Version: 3.13.7 (tags/v3.13.7:bcee1c3, Aug 14 2025, 14:15:11) [MSC v.1944 64 bit (AMD64)]
2025-11-20 17:46:51 [INFO]   Python Executable: C:\Users\gehl2\AppData\Local\Programs\Python\Python313\python.exe
2025-11-20 17:46:51 [INFO]   Running as: Python script
2025-11-20 17:46:51 [INFO]   Script directory: C:\Users\gehl2\Auto_align_program
2025-11-20 17:46:51 [INFO]   Working directory: C:\Users\gehl2\Auto_align_program
2025-11-20 17:46:51 [INFO] 
INSTALLED PACKAGES:
2025-11-20 17:46:51 [INFO]   OpenCV (cv2): 4.12.0
2025-11-20 17:46:51 [INFO]   Qt Backend: PySide6
2025-11-20 17:46:51 [INFO]   PySide6: 6.9.3
2025-11-20 17:46:51 [INFO]   NumPy: 2.2.6
2025-11-20 17:46:51 [INFO] 
REQUIRED FILES CHECK:
2025-11-20 17:46:51 [INFO]   ✓ Test_with_img.lys: Found at C:\Users\gehl2\Auto_align_program\Test_with_img.lys
2025-11-20 17:46:51 [INFO]   ✓ Test.GDS: Found at C:\Users\gehl2\Auto_align_program\Test.GDS
2025-11-20 17:46:51 [INFO]   ✓ icon.ico: Found at C:\Users\gehl2\Auto_align_program\icon.ico
2025-11-20 17:46:51 [INFO]   ✓ console_runner.py: Found at C:\Users\gehl2\Auto_align_program\console_runner.py
2025-11-20 17:46:51 [INFO] ================================================================================
2025-11-20 17:46:51 [INFO] Starting Point Align GUI...
2025-11-20 17:46:52 [INFO] GUI initialized successfully
2025-11-20 17:48:14 [INFO] ================================================================================
2025-11-20 17:48:14 [INFO] PointAlign Debug Log - Session started at 2025-11-20 17:48:14.253161
2025-11-20 17:48:14 [INFO] ================================================================================
2025-11-20 17:48:14 [INFO] SYSTEM INFORMATION:
2025-11-20 17:48:14 [INFO]   OS: Windows 11 (10.0.26100)
2025-11-20 17:48:14 [INFO]   Platform: Windows-11-10.0.26100-SP0
2025-11-20 17:48:14 [INFO]   Architecture: AMD64
2025-11-20 17:48:14 [INFO]   Processor: Intel64 Family 6 Model 158 Stepping 10, GenuineIntel
2025-11-20 17:48:14 [INFO]   Python Version: 3.13.7 (tags/v3.13.7:bcee1c3, Aug 14 2025, 14:15:11) [MSC v.1944 64 bit (AMD64)]
2025-11-20 17:48:14 [INFO]   Python Executable: C:\Users\gehl2\AppData\Local\Programs\Python\Python313\python.exe
2025-11-20 17:48:14 [INFO]   Running as: Python script
2025-11-20 17:48:14 [INFO]   Script directory: C:\Users\gehl2\Auto_align_program
2025-11-20 17:48:14 [INFO]   Working directory: C:\Users\gehl2\Auto_align_program
2025-11-20 17:48:14 [INFO] 
INSTALLED PACKAGES:
2025-11-20 17:48:14 [INFO]   OpenCV (cv2): 4.12.0
2025-11-20 17:48:14 [INFO]   Qt Backend: PySide6
2025-11-20 17:48:14 [INFO]   PySide6: 6.9.3
2025-11-20 17:48:14 [INFO]   NumPy: 2.2.6
2025-11-20 17:48:14 [INFO] 
REQUIRED FILES CHECK:
2025-11-20 17:48:14 [INFO]   ✓ Test_with_img.lys: Found at C:\Users\gehl2\Auto_align_program\Test_with_img.lys
2025-11-20 17:48:14 [INFO]   ✓ Test.GDS: Found at C:\Users\gehl2\Auto_align_program\Test.GDS
2025-11-20 17:48:14 [INFO]   ✓ icon.ico: Found at C:\Users\gehl2\Auto_align_program\icon.ico
2025-11-20 17:48:14 [INFO]   ✓ console_runner.py: Found at C:\Users\gehl2\Auto_align_program\console_runner.py
2025-11-20 17:48:14 [INFO] ================================================================================
2025-11-20 17:48:14 [INFO] Starting Point Align GUI...
2025-11-20 17:48:15 [INFO] GUI initialized successfully
2025-11-20 17:49:17 [INFO] ================================================================================
2025-11-20 17:49:17 [INFO] PointAlign Debug Log - Session started at 2025-11-20 17:49:17.833313
2025-11-20 17:49:17 [INFO] ================================================================================
2025-11-20 17:49:17 [INFO] SYSTEM INFORMATION:
2025-11-20 17:49:17 [INFO]   OS: Windows 11 (10.0.26100)
2025-11-20 17:49:18 [INFO]   Platform: Windows-11-10.0.26100-SP0
2025-11-20 17:49:18 [INFO]   Architecture: AMD64
2025-11-20 17:49:18 [INFO]   Processor: Intel64 Family 6 Model 158 Stepping 10, GenuineIntel
2025-11-20 17:49:18 [INFO]   Python Version: 3.13.7 (tags/v3.13.7:bcee1c3, Aug 14 2025, 14:15:11) [MSC v.1944 64 bit (AMD64)]
2025-11-20 17:49:18 [INFO]   Python Executable: C:\Users\gehl2\AppData\Local\Programs\Python\Python313\python.exe
2025-11-20 17:49:18 [INFO]   Running as: Python script
2025-11-20 17:49:18 [INFO]   Script directory: C:\Users\gehl2\Auto_align_program
2025-11-20 17:49:18 [INFO]   Working directory: C:\Users\gehl2\Auto_align_program
2025-11-20 17:49:18 [INFO] 
INSTALLED PACKAGES:
2025-11-20 17:49:18 [INFO]   OpenCV (cv2): 4.12.0
2025-11-20 17:49:18 [INFO]   Qt Backend: PySide6
2025-11-20 17:49:18 [INFO]   PySide6: 6.9.3
2025-11-20 17:49:18 [INFO]   NumPy: 2.2.6
2025-11-20 17:49:18 [INFO] 
REQUIRED FILES CHECK:
2025-11-20 17:49:18 [INFO]   ✓ Test_with_img.lys: Found at C:\Users\gehl2\Auto_align_program\Test_with_img.lys
2025-11-20 17:49:18 [INFO]   ✓ Test.GDS: Found at C:\Users\gehl2\Auto_align_program\Test.GDS
2025-11-20 17:49:18 [INFO]   ✓ icon.ico: Found at C:\Users\gehl2\Auto_align_program\icon.ico
2025-11-20 17:49:18 [INFO]   ✓ console_runner.py: Found at C:\Users\gehl2\Auto_align_program\console_runner.py
2025-11-20 17:49:18 [INFO] ================================================================================
2025-11-20 17:49:18 [INFO] Starting Point Align GUI...
2025-11-20 17:49:18 [INFO] GUI initialized successfully
2025-11-20 17:50:25 [INFO] ================================================================================
2025-11-20 17:50:25 [INFO] PointAlign Debug Log - Session started at 2025-11-20 17:50:25.092902
2025-11-20 17:50:25 [INFO] ================================================================================
2025-11-20 17:50:25 [INFO] SYSTEM INFORMATION:
2025-11-20 17:50:25 [INFO]   OS: Windows 11 (10.0.26100)
2025-11-20 17:50:25 [INFO]   Platform: Windows-11-10.0.26100-SP0
2025-11-20 17:50:25 [INFO]   Architecture: AMD64
2025-11-20 17:50:25 [INFO]   Processor: Intel64 Family 6 Model 158 Stepping 10, GenuineIntel
2025-11-20 17:50:25 [INFO]   Python Version: 3.13.7 (tags/v3.13.7:bcee1c3, Aug 14 2025, 14:15:11) [MSC v.1944 64 bit (AMD64)]
2025-11-20 17:50:25 [INFO]   Python Executable: C:\Users\gehl2\AppData\Local\Programs\Python\Python313\python.exe
2025-11-20 17:50:25 [INFO]   Running as: Python script
2025-11-20 17:50:25 [INFO]   Script directory: C:\Users\gehl2\Auto_align_program
2025-11-20 17:50:25 [INFO]   Working directory: C:\Users\gehl2\Auto_align_program
2025-11-20 17:50:25 [INFO] 
INSTALLED PACKAGES:
2025-11-20 17:50:25 [INFO]   OpenCV (cv2): 4.12.0
2025-11-20 17:50:25 [INFO]   Qt Backend: PySide6
2025-11-20 17:50:25 [INFO]   PySide6: 6.9.3
2025-11-20 17:50:25 [INFO]   NumPy: 2.2.6
2025-11-20 17:50:25 [INFO] 
REQUIRED FILES CHECK:
2025-11-20 17:50:25 [INFO]   ✓ Test_with_img.lys: Found at C:\Users\gehl2\Auto_align_program\Test_with_img.lys
2025-11-20 17:50:25 [INFO]   ✓ Test.GDS: Found at C:\Users\gehl2\Auto_align_program\Test.GDS
2025-11-20 17:50:25 [INFO]   ✓ icon.ico: Found at C:\Users\gehl2\Auto_align_program\icon.ico
2025-11-20 17:50:25 [INFO]   ✓ console_runner.py: Found at C:\Users\gehl2\Auto_align_program\console_runner.py
2025-11-20 17:50:25 [INFO] ================================================================================
2025-11-20 17:50:25 [INFO] Starting Point Align GUI...
2025-11-20 17:50:26 [INFO] GUI initialized successfully
2025-11-20 17:51:11 [INFO] Launching picker for IMG_2025_07_11_46845.JPG
2025-11-20 17:51:26 [INFO] Run log file: C:\Users\gehl2\AppData\Local\Temp\PointAlign_run_20251120_175126.log
2025-11-20 17:51:26 [DEBUG] Using Python command: ['py', '-3']
2025-11-20 17:51:26 [INFO] Starting subprocess:
2025-11-20 17:51:26 [INFO]   Command: py -3 -u C:\Users\gehl2\Auto_align_program\point_align_batch_runner_gui.py --files C:/Users/gehl2/Downloads/IMG_2025_07_11_46845.JPG --lys-in C:\Users\gehl2\Auto_align_program\Test_with_img.lys --after (-50,60),(70,60),(-50,-60),(70,-60) --affine --combined-out C:\Users\gehl2\Desktop\Aligned94ByMRL-PENGJIEW-19.lys --gds-file C:\Users\gehl2\Auto_align_program\Test.GDS --before (-689.5,473.9),(361.9,485.6),(-676.4,-576.7),(373.6,-564.2)
2025-11-20 17:51:26 [DEBUG] Starting subprocess with creationflags=134217728
2025-11-20 17:51:26 [DEBUG]   [STDOUT] usage: point_align_batch_runner_gui.py [-h] [--glob GLOB |
2025-11-20 17:51:26 [DEBUG]   [STDOUT]                                        --files FILES [FILES ...]] [--gui]
2025-11-20 17:51:26 [DEBUG]   [STDOUT]                                        --lys-in LYS_IN [--out-dir OUT_DIR]
2025-11-20 17:51:26 [DEBUG]   [STDOUT]                                        [--out-suffix OUT_SUFFIX]
2025-11-20 17:51:26 [DEBUG]   [STDOUT]                                        [--combined-out COMBINED_OUT]
2025-11-20 17:51:26 [DEBUG]   [STDOUT]                                        [--affine]
2025-11-20 17:51:26 [DEBUG]   [STDOUT]                                        [--rms-thresh-um RMS_THRESH_UM]
2025-11-20 17:51:26 [DEBUG]   [STDOUT]                                        --after AFTER [--origin-um ORIGIN_UM]
2025-11-20 17:51:26 [DEBUG]   [STDOUT]                                        [--auto] [--auto-review]
2025-11-20 17:51:26 [DEBUG]   [STDOUT]                                        [--auto-canny AUTO_CANNY]
2025-11-20 17:51:26 [DEBUG]   [STDOUT]                                        [--auto-thr AUTO_THR] [--auto-c AUTO_C]
2025-11-20 17:51:26 [DEBUG]   [STDOUT]                                        [--auto-morph AUTO_MORPH]
2025-11-20 17:51:26 [DEBUG]   [STDOUT]                                        [--gds-file GDS_FILE]
2025-11-20 17:51:26 [DEBUG]   [STDOUT] point_align_batch_runner_gui.py: error: unrecognized arguments: --before (-689.5,473.9),(361.9,485.6),(-676.4,-576.7),(373.6,-564.2)
2025-11-20 17:51:26 [INFO] Process completed with exit code: 2
2025-11-20 17:52:23 [INFO] Launching picker for IMG_2025_08_21_51204.JPG
2025-11-20 17:52:30 [INFO] ================================================================================
2025-11-20 17:52:30 [INFO] PointAlign Debug Log - Session started at 2025-11-20 17:52:30.592843
2025-11-20 17:52:30 [INFO] ================================================================================
2025-11-20 17:52:30 [INFO] SYSTEM INFORMATION:
2025-11-20 17:52:30 [INFO]   OS: Windows 11 (10.0.26100)
2025-11-20 17:52:30 [INFO]   Platform: Windows-11-10.0.26100-SP0
2025-11-20 17:52:30 [INFO]   Architecture: AMD64
2025-11-20 17:52:30 [INFO]   Processor: Intel64 Family 6 Model 158 Stepping 10, GenuineIntel
2025-11-20 17:52:30 [INFO]   Python Version: 3.13.7 (tags/v3.13.7:bcee1c3, Aug 14 2025, 14:15:11) [MSC v.1944 64 bit (AMD64)]
2025-11-20 17:52:30 [INFO]   Python Executable: C:\Users\gehl2\AppData\Local\Programs\Python\Python313\python.exe
2025-11-20 17:52:30 [INFO]   Running as: Python script
2025-11-20 17:52:30 [INFO]   Script directory: C:\Users\gehl2\Auto_align_program
2025-11-20 17:52:30 [INFO]   Working directory: C:\Users\gehl2\Auto_align_program
2025-11-20 17:52:30 [INFO] 
INSTALLED PACKAGES:
2025-11-20 17:52:30 [INFO]   OpenCV (cv2): 4.12.0
2025-11-20 17:52:30 [INFO]   Qt Backend: PySide6
2025-11-20 17:52:30 [INFO]   PySide6: 6.9.3
2025-11-20 17:52:30 [INFO]   NumPy: 2.2.6
2025-11-20 17:52:30 [INFO] 
REQUIRED FILES CHECK:
2025-11-20 17:52:30 [INFO]   ✓ Test_with_img.lys: Found at C:\Users\gehl2\Auto_align_program\Test_with_img.lys
2025-11-20 17:52:30 [INFO]   ✓ Test.GDS: Found at C:\Users\gehl2\Auto_align_program\Test.GDS
2025-11-20 17:52:30 [INFO]   ✓ icon.ico: Found at C:\Users\gehl2\Auto_align_program\icon.ico
2025-11-20 17:52:30 [INFO]   ✓ console_runner.py: Found at C:\Users\gehl2\Auto_align_program\console_runner.py
2025-11-20 17:52:30 [INFO] ================================================================================
2025-11-20 17:52:30 [INFO] Starting Point Align GUI...
2025-11-20 17:52:31 [INFO] GUI initialized successfully
2025-11-20 17:53:02 [INFO] Launching picker for IMG_2025_08_21_51204.JPG
2025-11-20 17:53:15 [INFO] Run log file: C:\Users\gehl2\AppData\Local\Temp\PointAlign_run_20251120_175315.log
2025-11-20 17:53:15 [DEBUG] Using Python command: ['py', '-3']
2025-11-20 17:53:15 [INFO] Starting subprocess:
2025-11-20 17:53:15 [INFO]   Command: py -3 -u C:\Users\gehl2\Auto_align_program\point_align_batch_runner_gui.py --files C:/Users/gehl2/Downloads/IMG_2025_08_21_51204.JPG --lys-in C:\Users\gehl2\Auto_align_program\Test_with_img.lys --after (-50,60),(70,60),(-50,-60),(70,-60) --affine --combined-out C:\Users\gehl2\Desktop\Aligned95ByMRL-PENGJIEW-19.lys --gds-file C:\Users\gehl2\Auto_align_program\Test.GDS --before (-129.4,17.5),(132.1,16.4),(-130.2,-244.9),(131.3,-245.3)
2025-11-20 17:53:15 [DEBUG] Starting subprocess with creationflags=134217728
2025-11-20 17:53:16 [DEBUG]   [STDOUT] usage: point_align_batch_runner_gui.py [-h] [--glob GLOB |
2025-11-20 17:53:16 [DEBUG]   [STDOUT]                                        --files FILES [FILES ...]] [--gui]
2025-11-20 17:53:16 [DEBUG]   [STDOUT]                                        --lys-in LYS_IN [--out-dir OUT_DIR]
2025-11-20 17:53:16 [DEBUG]   [STDOUT]                                        [--out-suffix OUT_SUFFIX]
2025-11-20 17:53:16 [DEBUG]   [STDOUT]                                        [--combined-out COMBINED_OUT]
2025-11-20 17:53:16 [DEBUG]   [STDOUT]                                        [--affine]
2025-11-20 17:53:16 [DEBUG]   [STDOUT]                                        [--rms-thresh-um RMS_THRESH_UM]
2025-11-20 17:53:16 [DEBUG]   [STDOUT]                                        --after AFTER [--origin-um ORIGIN_UM]
2025-11-20 17:53:16 [DEBUG]   [STDOUT]                                        [--auto] [--auto-review]
2025-11-20 17:53:16 [DEBUG]   [STDOUT]                                        [--auto-canny AUTO_CANNY]
2025-11-20 17:53:16 [DEBUG]   [STDOUT]                                        [--auto-thr AUTO_THR] [--auto-c AUTO_C]
2025-11-20 17:53:16 [DEBUG]   [STDOUT]                                        [--auto-morph AUTO_MORPH]
2025-11-20 17:53:16 [DEBUG]   [STDOUT]                                        [--gds-file GDS_FILE]
2025-11-20 17:53:16 [DEBUG]   [STDOUT] point_align_batch_runner_gui.py: error: unrecognized arguments: --before (-129.4,17.5),(132.1,16.4),(-130.2,-244.9),(131.3,-245.3)
2025-11-20 17:53:16 [INFO] Process completed with exit code: 2
2025-11-20 17:55:37 [INFO] ================================================================================
2025-11-20 17:55:37 [INFO] PointAlign Debug Log - Session started at 2025-11-20 17:55:37.744352
2025-11-20 17:55:37 [INFO] ================================================================================
2025-11-20 17:55:37 [INFO] SYSTEM INFORMATION:
2025-11-20 17:55:37 [INFO]   OS: Windows 11 (10.0.26100)
2025-11-20 17:55:37 [INFO]   Platform: Windows-11-10.0.26100-SP0
2025-11-20 17:55:37 [INFO]   Architecture: AMD64
2025-11-20 17:55:37 [INFO]   Processor: Intel64 Family 6 Model 158 Stepping 10, GenuineIntel
2025-11-20 17:55:37 [INFO]   Python Version: 3.13.7 (tags/v3.13.7:bcee1c3, Aug 14 2025, 14:15:11) [MSC v.1944 64 bit (AMD64)]
2025-11-20 17:55:37 [INFO]   Python Executable: C:\Users\gehl2\AppData\Local\Programs\Python\Python313\python.exe
2025-11-20 17:55:37 [INFO]   Running as: Python script
2025-11-20 17:55:37 [INFO]   Script directory: C:\Users\gehl2\Auto_align_program
2025-11-20 17:55:37 [INFO]   Working directory: C:\Users\gehl2\Auto_align_program
2025-11-20 17:55:37 [INFO] 
INSTALLED PACKAGES:
2025-11-20 17:55:38 [INFO]   OpenCV (cv2): 4.12.0
2025-11-20 17:55:38 [INFO]   Qt Backend: PySide6
2025-11-20 17:55:38 [INFO]   PySide6: 6.9.3
2025-11-20 17:55:38 [INFO]   NumPy: 2.2.6
2025-11-20 17:55:38 [INFO] 
REQUIRED FILES CHECK:
2025-11-20 17:55:38 [INFO]   ✓ Test_with_img.lys: Found at C:\Users\gehl2\Auto_align_program\Test_with_img.lys
2025-11-20 17:55:38 [INFO]   ✓ Test.GDS: Found at C:\Users\gehl2\Auto_align_program\Test.GDS
2025-11-20 17:55:38 [INFO]   ✓ icon.ico: Found at C:\Users\gehl2\Auto_align_program\icon.ico
2025-11-20 17:55:38 [INFO]   ✓ console_runner.py: Found at C:\Users\gehl2\Auto_align_program\console_runner.py
2025-11-20 17:55:38 [INFO] ================================================================================
2025-11-20 17:55:38 [INFO] Starting Point Align GUI...
2025-11-20 17:55:38 [INFO] GUI initialized successfully
2025-11-20 17:56:11 [INFO] Launching picker for IMG_2025_08_21_51204.JPG
2025-11-20 17:56:23 [INFO] Run log file: C:\Users\gehl2\AppData\Local\Temp\PointAlign_run_20251120_175623.log
2025-11-20 17:56:23 [DEBUG] Using Python command: ['py', '-3']
2025-11-20 17:56:23 [INFO] Starting subprocess:
2025-11-20 17:56:23 [INFO]   Command: py -3 -u C:\Users\gehl2\Auto_align_program\point_align_batch_runner_gui.py --files C:/Users/gehl2/Downloads/IMG_2025_08_21_51204.JPG --lys-in C:\Users\gehl2\Auto_align_program\Test_with_img.lys --after (-50,60),(70,60),(-50,-60),(70,-60) --affine --combined-out C:\Users\gehl2\Desktop\Aligned96ByMRL-PENGJIEW-19.lys --gds-file C:\Users\gehl2\Auto_align_program\Test.GDS --auto
2025-11-20 17:56:23 [DEBUG] Starting subprocess with creationflags=134217728
2025-11-20 17:56:36 [DEBUG]   [STDOUT] [OK] IMG_2025_08_21_51204.JPG → C:\Users\gehl2\Desktop\Aligned96ByMRL-PENGJIEW-19.lys (RMS=0.073 µm)
2025-11-20 17:56:36 [DEBUG]   [STDOUT] Done. Appended 1/1 images into: C:\Users\gehl2\Desktop\Aligned96ByMRL-PENGJIEW-19.lys
2025-11-20 17:56:36 [INFO] Process completed with exit code: 0
2025-11-20 17:57:45 [INFO] ================================================================================
2025-11-20 17:57:45 [INFO] PointAlign Debug Log - Session started at 2025-11-20 17:57:45.489363
2025-11-20 17:57:45 [INFO] ================================================================================
2025-11-20 17:57:45 [INFO] SYSTEM INFORMATION:
2025-11-20 17:57:45 [INFO]   OS: Windows 11 (10.0.26100)
2025-11-20 17:57:45 [INFO]   Platform: Windows-11-10.0.26100-SP0
2025-11-20 17:57:45 [INFO]   Architecture: AMD64
2025-11-20 17:57:45 [INFO]   Processor: Intel64 Family 6 Model 158 Stepping 10, GenuineIntel
2025-11-20 17:57:45 [INFO]   Python Version: 3.13.7 (tags/v3.13.7:bcee1c3, Aug 14 2025, 14:15:11) [MSC v.1944 64 bit (AMD64)]
2025-11-20 17:57:45 [INFO]   Python Executable: C:\Users\gehl2\AppData\Local\Programs\Python\Python313\python.exe
2025-11-20 17:57:45 [INFO]   Running as: Python script
2025-11-20 17:57:45 [INFO]   Script directory: C:\Users\gehl2\Auto_align_program
2025-11-20 17:57:45 [INFO]   Working directory: C:\Users\gehl2\Auto_align_program
2025-11-20 17:57:45 [INFO] 
INSTALLED PACKAGES:
2025-11-20 17:57:45 [INFO]   OpenCV (cv2): 4.12.0
2025-11-20 17:57:45 [INFO]   Qt Backend: PySide6
2025-11-20 17:57:45 [INFO]   PySide6: 6.9.3
2025-11-20 17:57:45 [INFO]   NumPy: 2.2.6
2025-11-20 17:57:45 [INFO] 
REQUIRED FILES CHECK:
2025-11-20 17:57:45 [INFO]   ✓ Test_with_img.lys: Found at C:\Users\gehl2\Auto_align_program\Test_with_img.lys
2025-11-20 17:57:45 [INFO]   ✓ Test.GDS: Found at C:\Users\gehl2\Auto_align_program\Test.GDS
2025-11-20 17:57:45 [INFO]   ✓ icon.ico: Found at C:\Users\gehl2\Auto_align_program\icon.ico
2025-11-20 17:57:45 [INFO]   ✓ console_runner.py: Found at C:\Users\gehl2\Auto_align_program\console_runner.py
2025-11-20 17:57:45 [INFO] ================================================================================
2025-11-20 17:57:45 [INFO] Starting Point Align GUI...
2025-11-20 17:57:46 [INFO] GUI initialized successfully
2025-11-20 17:58:07 [INFO] Launching picker for IMG_2025_08_21_51204.JPG
2025-11-20 17:58:21 [ERROR] EXCEPTION in running alignment:
2025-11-20 17:58:21 [ERROR]   Type: TypeError
2025-11-20 17:58:21 [ERROR]   Message: run_point_alignment() got an unexpected keyword argument 'image_file'
2025-11-20 17:58:21 [ERROR]   Stack trace:
2025-11-20 17:58:21 [ERROR]     Traceback (most recent call last):
2025-11-20 17:58:21 [ERROR]       File "C:\Users\gehl2\Auto_align_program\gui\align_tab.py", line 810, in _on_run_selected
2025-11-20 17:58:21 [ERROR]         run_point_alignment(
2025-11-20 17:58:21 [ERROR]         ~~~~~~~~~~~~~~~~~~~^
2025-11-20 17:58:21 [ERROR]             image_file=img_path,
2025-11-20 17:58:21 [ERROR]             ^^^^^^^^^^^^^^^^^^^^
2025-11-20 17:58:21 [ERROR]         ...<5 lines>...
2025-11-20 17:58:21 [ERROR]             affine_only=True
2025-11-20 17:58:21 [ERROR]             ^^^^^^^^^^^^^^^^
2025-11-20 17:58:21 [ERROR]         )
2025-11-20 17:58:21 [ERROR]         ^
2025-11-20 17:58:21 [ERROR]     TypeError: run_point_alignment() got an unexpected keyword argument 'image_file'
2025-11-20 18:00:30 [INFO] ================================================================================
2025-11-20 18:00:30 [INFO] PointAlign Debug Log - Session started at 2025-11-20 18:00:30.808286
2025-11-20 18:00:30 [INFO] ================================================================================
2025-11-20 18:00:30 [INFO] SYSTEM INFORMATION:
2025-11-20 18:00:30 [INFO]   OS: Windows 11 (10.0.26100)
2025-11-20 18:00:30 [INFO]   Platform: Windows-11-10.0.26100-SP0
2025-11-20 18:00:30 [INFO]   Architecture: AMD64
2025-11-20 18:00:30 [INFO]   Processor: Intel64 Family 6 Model 158 Stepping 10, GenuineIntel
2025-11-20 18:00:30 [INFO]   Python Version: 3.13.7 (tags/v3.13.7:bcee1c3, Aug 14 2025, 14:15:11) [MSC v.1944 64 bit (AMD64)]
2025-11-20 18:00:30 [INFO]   Python Executable: C:\Users\gehl2\AppData\Local\Programs\Python\Python313\python.exe
2025-11-20 18:00:30 [INFO]   Running as: Python script
2025-11-20 18:00:30 [INFO]   Script directory: C:\Users\gehl2\Auto_align_program
2025-11-20 18:00:30 [INFO]   Working directory: C:\Users\gehl2\Auto_align_program
2025-11-20 18:00:30 [INFO] 
INSTALLED PACKAGES:
2025-11-20 18:00:31 [INFO]   OpenCV (cv2): 4.12.0
2025-11-20 18:00:31 [INFO]   Qt Backend: PySide6
2025-11-20 18:00:31 [INFO]   PySide6: 6.9.3
2025-11-20 18:00:31 [INFO]   NumPy: 2.2.6
2025-11-20 18:00:31 [INFO] 
REQUIRED FILES CHECK:
2025-11-20 18:00:31 [INFO]   ✓ Test_with_img.lys: Found at C:\Users\gehl2\Auto_align_program\Test_with_img.lys
2025-11-20 18:00:31 [INFO]   ✓ Test.GDS: Found at C:\Users\gehl2\Auto_align_program\Test.GDS
2025-11-20 18:00:31 [INFO]   ✓ icon.ico: Found at C:\Users\gehl2\Auto_align_program\icon.ico
2025-11-20 18:00:31 [INFO]   ✓ console_runner.py: Found at C:\Users\gehl2\Auto_align_program\console_runner.py
2025-11-20 18:00:31 [INFO] ================================================================================
2025-11-20 18:00:31 [INFO] Starting Point Align GUI...
2025-11-20 18:00:31 [INFO] GUI initialized successfully
2025-11-20 18:01:09 [INFO] Launching picker for IMG_2025_08_21_51204.JPG
2025-11-20 18:01:44 [INFO] Launching picker for IMG_2025_07_25_48937.JPG
2025-11-20 18:02:12 [INFO] Launching picker for IMG_2025_07_25_48936.JPG
2025-11-20 18:02:27 [INFO] Launching picker for IMG_2025_07_25_48935.JPG
2025-11-20 18:05:09 [INFO] ================================================================================
2025-11-20 18:05:09 [INFO] PointAlign Debug Log - Session started at 2025-11-20 18:05:09.429849
2025-11-20 18:05:09 [INFO] ================================================================================
2025-11-20 18:05:09 [INFO] SYSTEM INFORMATION:
2025-11-20 18:05:09 [INFO]   OS: Windows 11 (10.0.26100)
2025-11-20 18:05:09 [INFO]   Platform: Windows-11-10.0.26100-SP0
2025-11-20 18:05:09 [INFO]   Architecture: AMD64
2025-11-20 18:05:09 [INFO]   Processor: Intel64 Family 6 Model 158 Stepping 10, GenuineIntel
2025-11-20 18:05:09 [INFO]   Python Version: 3.13.7 (tags/v3.13.7:bcee1c3, Aug 14 2025, 14:15:11) [MSC v.1944 64 bit (AMD64)]
2025-11-20 18:05:09 [INFO]   Python Executable: C:\Users\gehl2\AppData\Local\Programs\Python\Python313\python.exe
2025-11-20 18:05:09 [INFO]   Running as: Python script
2025-11-20 18:05:09 [INFO]   Script directory: C:\Users\gehl2\Auto_align_program
2025-11-20 18:05:09 [INFO]   Working directory: C:\Users\gehl2\Auto_align_program
2025-11-20 18:05:09 [INFO] 
INSTALLED PACKAGES:
2025-11-20 18:05:09 [INFO]   OpenCV (cv2): 4.12.0
2025-11-20 18:05:09 [INFO]   Qt Backend: PySide6
2025-11-20 18:05:09 [INFO]   PySide6: 6.9.3
2025-11-20 18:05:09 [INFO]   NumPy: 2.2.6
2025-11-20 18:05:09 [INFO] 
REQUIRED FILES CHECK:
2025-11-20 18:05:09 [INFO]   ✓ Test_with_img.lys: Found at C:\Users\gehl2\Auto_align_program\Test_with_img.lys
2025-11-20 18:05:09 [INFO]   ✓ Test.GDS: Found at C:\Users\gehl2\Auto_align_program\Test.GDS
2025-11-20 18:05:09 [INFO]   ✓ icon.ico: Found at C:\Users\gehl2\Auto_align_program\icon.ico
2025-11-20 18:05:09 [INFO]   ✓ console_runner.py: Found at C:\Users\gehl2\Auto_align_program\console_runner.py
2025-11-20 18:05:09 [INFO] ================================================================================
2025-11-20 18:05:09 [INFO] Starting Point Align GUI...
2025-11-20 18:05:10 [INFO] GUI initialized successfully
2025-11-20 18:08:44 [INFO] Launching picker for IMG_2025_07_25_48936.JPG
2025-11-20 18:08:56 [INFO] Launching picker for IMG_2025_07_11_46845.JPG
2025-11-20 18:11:21 [INFO] ================================================================================
2025-11-20 18:11:21 [INFO] PointAlign Debug Log - Session started at 2025-11-20 18:11:21.276891
2025-11-20 18:11:21 [INFO] ================================================================================
2025-11-20 18:11:21 [INFO] SYSTEM INFORMATION:
2025-11-20 18:11:21 [INFO]   OS: Windows 11 (10.0.26100)
2025-11-20 18:11:21 [INFO]   Platform: Windows-11-10.0.26100-SP0
2025-11-20 18:11:21 [INFO]   Architecture: AMD64
2025-11-20 18:11:21 [INFO]   Processor: Intel64 Family 6 Model 158 Stepping 10, GenuineIntel
2025-11-20 18:11:21 [INFO]   Python Version: 3.14.0 (tags/v3.14.0:ebf955d, Oct  7 2025, 10:15:03) [MSC v.1944 64 bit (AMD64)]
2025-11-20 18:11:21 [INFO]   Python Executable: C:\Python314\python.exe
2025-11-20 18:11:21 [INFO]   Running as: Python script
2025-11-20 18:11:21 [INFO]   Script directory: C:\Users\gehl2\Auto_align_program
2025-11-20 18:11:21 [INFO]   Working directory: C:\Users\gehl2\Auto_align_program
2025-11-20 18:11:21 [INFO] 
INSTALLED PACKAGES:
2025-11-20 18:11:21 [ERROR]   OpenCV (cv2): NOT FOUND - No module named 'cv2'
2025-11-20 18:11:21 [INFO]   Qt Backend: PyQt6
2025-11-20 18:11:21 [INFO]   PyQt6: 6.10.0
2025-11-20 18:11:21 [INFO]   NumPy: 2.3.4
2025-11-20 18:11:21 [INFO] 
REQUIRED FILES CHECK:
2025-11-20 18:11:21 [INFO]   ✓ Test_with_img.lys: Found at C:\Users\gehl2\Auto_align_program\Test_with_img.lys
2025-11-20 18:11:21 [INFO]   ✓ Test.GDS: Found at C:\Users\gehl2\Auto_align_program\Test.GDS
2025-11-20 18:11:21 [INFO]   ✓ icon.ico: Found at C:\Users\gehl2\Auto_align_program\icon.ico
2025-11-20 18:11:21 [INFO]   ✓ console_runner.py: Found at C:\Users\gehl2\Auto_align_program\console_runner.py
2025-11-20 18:11:21 [INFO] ================================================================================
2025-11-20 18:11:21 [INFO] Starting Point Align GUI...
2025-11-20 18:11:22 [INFO] GUI initialized successfully
2025-11-20 18:13:27 [INFO] ================================================================================
2025-11-20 18:13:27 [INFO] PointAlign Debug Log - Session started at 2025-11-20 18:13:27.903415
2025-11-20 18:13:27 [INFO] ================================================================================
2025-11-20 18:13:27 [INFO] SYSTEM INFORMATION:
2025-11-20 18:13:28 [INFO]   OS: Windows 11 (10.0.26100)
2025-11-20 18:13:28 [INFO]   Platform: Windows-11-10.0.26100-SP0
2025-11-20 18:13:28 [INFO]   Architecture: AMD64
2025-11-20 18:13:28 [INFO]   Processor: Intel64 Family 6 Model 158 Stepping 10, GenuineIntel
2025-11-20 18:13:28 [INFO]   Python Version: 3.13.7 (tags/v3.13.7:bcee1c3, Aug 14 2025, 14:15:11) [MSC v.1944 64 bit (AMD64)]
2025-11-20 18:13:28 [INFO]   Python Executable: C:\Users\gehl2\AppData\Local\Programs\Python\Python313\python.exe
2025-11-20 18:13:28 [INFO]   Running as: Python script
2025-11-20 18:13:28 [INFO]   Script directory: C:\Users\gehl2\Auto_align_program
2025-11-20 18:13:28 [INFO]   Working directory: C:\Users\gehl2\Auto_align_program
2025-11-20 18:13:28 [INFO] 
INSTALLED PACKAGES:
2025-11-20 18:13:28 [INFO]   OpenCV (cv2): 4.12.0
2025-11-20 18:13:28 [INFO]   Qt Backend: PySide6
2025-11-20 18:13:28 [INFO]   PySide6: 6.9.3
2025-11-20 18:13:28 [INFO]   NumPy: 2.2.6
2025-11-20 18:13:28 [INFO] 
REQUIRED FILES CHECK:
2025-11-20 18:13:28 [INFO]   ✓ Test_with_img.lys: Found at C:\Users\gehl2\Auto_align_program\Test_with_img.lys
2025-11-20 18:13:28 [INFO]   ✓ Test.GDS: Found at C:\Users\gehl2\Auto_align_program\Test.GDS
2025-11-20 18:13:28 [INFO]   ✓ icon.ico: Found at C:\Users\gehl2\Auto_align_program\icon.ico
2025-11-20 18:13:28 [INFO]   ✓ console_runner.py: Found at C:\Users\gehl2\Auto_align_program\console_runner.py
2025-11-20 18:13:28 [INFO] ================================================================================
2025-11-20 18:13:28 [INFO] Starting Point Align GUI...
2025-11-20 18:13:28 [INFO] GUI initialized successfully
2025-11-20 18:15:24 [INFO] ================================================================================
2025-11-20 18:15:24 [INFO] PointAlign Debug Log - Session started at 2025-11-20 18:15:24.887098
2025-11-20 18:15:24 [INFO] ================================================================================
2025-11-20 18:15:24 [INFO] SYSTEM INFORMATION:
2025-11-20 18:15:24 [INFO]   OS: Windows 11 (10.0.26100)
2025-11-20 18:15:25 [INFO]   Platform: Windows-11-10.0.26100-SP0
2025-11-20 18:15:25 [INFO]   Architecture: AMD64
2025-11-20 18:15:25 [INFO]   Processor: Intel64 Family 6 Model 158 Stepping 10, GenuineIntel
2025-11-20 18:15:25 [INFO]   Python Version: 3.13.7 (tags/v3.13.7:bcee1c3, Aug 14 2025, 14:15:11) [MSC v.1944 64 bit (AMD64)]
2025-11-20 18:15:25 [INFO]   Python Executable: C:\Users\gehl2\AppData\Local\Programs\Python\Python313\python.exe
2025-11-20 18:15:25 [INFO]   Running as: Python script
2025-11-20 18:15:25 [INFO]   Script directory: C:\Users\gehl2\Auto_align_program
2025-11-20 18:15:25 [INFO]   Working directory: C:\Users\gehl2\Auto_align_program
2025-11-20 18:15:25 [INFO] 
INSTALLED PACKAGES:
2025-11-20 18:15:25 [INFO]   OpenCV (cv2): 4.12.0
2025-11-20 18:15:25 [INFO]   Qt Backend: PySide6
2025-11-20 18:15:25 [INFO]   PySide6: 6.9.3
2025-11-20 18:15:25 [INFO]   NumPy: 2.2.6
2025-11-20 18:15:25 [INFO] 
REQUIRED FILES CHECK:
2025-11-20 18:15:25 [INFO]   ✓ Test_with_img.lys: Found at C:\Users\gehl2\Auto_align_program\Test_with_img.lys
2025-11-20 18:15:25 [INFO]   ✓ Test.GDS: Found at C:\Users\gehl2\Auto_align_program\Test.GDS
2025-11-20 18:15:25 [INFO]   ✓ icon.ico: Found at C:\Users\gehl2\Auto_align_program\icon.ico
2025-11-20 18:15:25 [INFO]   ✓ console_runner.py: Found at C:\Users\gehl2\Auto_align_program\console_runner.py
2025-11-20 18:15:25 [INFO] ================================================================================
2025-11-20 18:15:25 [INFO] Starting Point Align GUI...
2025-11-20 18:15:25 [INFO] GUI initialized successfully
2025-11-20 18:20:49 [INFO] ================================================================================
2025-11-20 18:20:49 [INFO] PointAlign Debug Log - Session started at 2025-11-20 18:20:49.620345
2025-11-20 18:20:49 [INFO] ================================================================================
2025-11-20 18:20:49 [INFO] SYSTEM INFORMATION:
2025-11-20 18:20:49 [INFO]   OS: Windows 11 (10.0.26100)
2025-11-20 18:20:49 [INFO]   Platform: Windows-11-10.0.26100-SP0
2025-11-20 18:20:49 [INFO]   Architecture: AMD64
2025-11-20 18:20:49 [INFO]   Processor: Intel64 Family 6 Model 158 Stepping 10, GenuineIntel
2025-11-20 18:20:49 [INFO]   Python Version: 3.13.7 (tags/v3.13.7:bcee1c3, Aug 14 2025, 14:15:11) [MSC v.1944 64 bit (AMD64)]
2025-11-20 18:20:49 [INFO]   Python Executable: C:\Users\gehl2\AppData\Local\Programs\Python\Python313\python.exe
2025-11-20 18:20:49 [INFO]   Running as: Python script
2025-11-20 18:20:49 [INFO]   Script directory: C:\Users\gehl2\Auto_align_program
2025-11-20 18:20:49 [INFO]   Working directory: C:\Users\gehl2\Auto_align_program
2025-11-20 18:20:49 [INFO] 
INSTALLED PACKAGES:
2025-11-20 18:20:49 [INFO]   OpenCV (cv2): 4.12.0
2025-11-20 18:20:49 [INFO]   Qt Backend: PySide6
2025-11-20 18:20:49 [INFO]   PySide6: 6.9.3
2025-11-20 18:20:49 [INFO]   NumPy: 2.2.6
2025-11-20 18:20:49 [INFO] 
REQUIRED FILES CHECK:
2025-11-20 18:20:49 [INFO]   ✓ Test_with_img.lys: Found at C:\Users\gehl2\Auto_align_program\Test_with_img.lys
2025-11-20 18:20:49 [INFO]   ✓ Test.GDS: Found at C:\Users\gehl2\Auto_align_program\Test.GDS
2025-11-20 18:20:49 [INFO]   ✓ icon.ico: Found at C:\Users\gehl2\Auto_align_program\icon.ico
2025-11-20 18:20:49 [INFO]   ✓ console_runner.py: Found at C:\Users\gehl2\Auto_align_program\console_runner.py
2025-11-20 18:20:49 [INFO] ================================================================================
2025-11-20 18:20:49 [INFO] Starting Point Align GUI...
2025-11-20 18:20:50 [INFO] GUI initialized successfully
2025-11-20 18:21:24 [INFO] Launching picker for IMG_2025_07_11_46845.JPG
2025-11-20 18:21:33 [INFO] Launching picker for IMG_2025_07_11_46845.JPG
2025-11-20 18:22:00 [INFO] Launching picker for IMG_2025_08_21_51204.JPG
2025-11-20 18:23:01 [INFO] ================================================================================
2025-11-20 18:23:01 [INFO] PointAlign Debug Log - Session started at 2025-11-20 18:23:01.894344
2025-11-20 18:23:01 [INFO] ================================================================================
2025-11-20 18:23:01 [INFO] SYSTEM INFORMATION:
2025-11-20 18:23:02 [INFO]   OS: Windows 11 (10.0.26100)
2025-11-20 18:23:02 [INFO]   Platform: Windows-11-10.0.26100-SP0
2025-11-20 18:23:02 [INFO]   Architecture: AMD64
2025-11-20 18:23:02 [INFO]   Processor: Intel64 Family 6 Model 158 Stepping 10, GenuineIntel
2025-11-20 18:23:02 [INFO]   Python Version: 3.13.7 (tags/v3.13.7:bcee1c3, Aug 14 2025, 14:15:11) [MSC v.1944 64 bit (AMD64)]
2025-11-20 18:23:02 [INFO]   Python Executable: C:\Users\gehl2\AppData\Local\Programs\Python\Python313\python.exe
2025-11-20 18:23:02 [INFO]   Running as: Python script
2025-11-20 18:23:02 [INFO]   Script directory: C:\Users\gehl2\Auto_align_program
2025-11-20 18:23:02 [INFO]   Working directory: C:\Users\gehl2\Auto_align_program
2025-11-20 18:23:02 [INFO] 
INSTALLED PACKAGES:
2025-11-20 18:23:02 [INFO]   OpenCV (cv2): 4.12.0
2025-11-20 18:23:02 [INFO]   Qt Backend: PySide6
2025-11-20 18:23:02 [INFO]   PySide6: 6.9.3
2025-11-20 18:23:02 [INFO]   NumPy: 2.2.6
2025-11-20 18:23:02 [INFO] 
REQUIRED FILES CHECK:
2025-11-20 18:23:02 [INFO]   ✓ Test_with_img.lys: Found at C:\Users\gehl2\Auto_align_program\Test_with_img.lys
2025-11-20 18:23:02 [INFO]   ✓ Test.GDS: Found at C:\Users\gehl2\Auto_align_program\Test.GDS
2025-11-20 18:23:02 [INFO]   ✓ icon.ico: Found at C:\Users\gehl2\Auto_align_program\icon.ico
2025-11-20 18:23:02 [INFO]   ✓ console_runner.py: Found at C:\Users\gehl2\Auto_align_program\console_runner.py
2025-11-20 18:23:02 [INFO] ================================================================================
2025-11-20 18:23:02 [INFO] Starting Point Align GUI...
2025-11-20 18:23:02 [INFO] GUI initialized successfully
2025-11-20 18:25:35 [INFO] Launching picker for IMG_2025_08_21_51204.JPG
2025-11-20 18:25:42 [INFO] Launching picker for IMG_2025_08_21_51204.JPG
2025-11-20 18:26:59 [INFO] Launching picker for IMG_2025_08_21_51204.JPG
2025-11-20 18:27:52 [INFO] Launching picker for IMG_2025_08_21_51204.JPG
2025-11-20 18:29:32 [INFO] ================================================================================
2025-11-20 18:29:32 [INFO] PointAlign Debug Log - Session started at 2025-11-20 18:29:32.023294
2025-11-20 18:29:32 [INFO] ================================================================================
2025-11-20 18:29:32 [INFO] SYSTEM INFORMATION:
2025-11-20 18:29:32 [INFO]   OS: Windows 11 (10.0.26100)
2025-11-20 18:29:32 [INFO]   Platform: Windows-11-10.0.26100-SP0
2025-11-20 18:29:32 [INFO]   Architecture: AMD64
2025-11-20 18:29:32 [INFO]   Processor: Intel64 Family 6 Model 158 Stepping 10, GenuineIntel
2025-11-20 18:29:32 [INFO]   Python Version: 3.13.7 (tags/v3.13.7:bcee1c3, Aug 14 2025, 14:15:11) [MSC v.1944 64 bit (AMD64)]
2025-11-20 18:29:32 [INFO]   Python Executable: C:\Users\gehl2\AppData\Local\Programs\Python\Python313\python.exe
2025-11-20 18:29:32 [INFO]   Running as: Python script
2025-11-20 18:29:32 [INFO]   Script directory: C:\Users\gehl2\Auto_align_program
2025-11-20 18:29:32 [INFO]   Working directory: C:\Users\gehl2\Auto_align_program
2025-11-20 18:29:32 [INFO] 
INSTALLED PACKAGES:
2025-11-20 18:29:32 [INFO]   OpenCV (cv2): 4.12.0
2025-11-20 18:29:32 [INFO]   Qt Backend: PySide6
2025-11-20 18:29:32 [INFO]   PySide6: 6.9.3
2025-11-20 18:29:32 [INFO]   NumPy: 2.2.6
2025-11-20 18:29:32 [INFO] 
REQUIRED FILES CHECK:
2025-11-20 18:29:32 [INFO]   ✓ Test_with_img.lys: Found at C:\Users\gehl2\Auto_align_program\Test_with_img.lys
2025-11-20 18:29:32 [INFO]   ✓ Test.GDS: Found at C:\Users\gehl2\Auto_align_program\Test.GDS
2025-11-20 18:29:32 [INFO]   ✓ icon.ico: Found at C:\Users\gehl2\Auto_align_program\icon.ico
2025-11-20 18:29:32 [INFO]   ✓ console_runner.py: Found at C:\Users\gehl2\Auto_align_program\console_runner.py
2025-11-20 18:29:32 [INFO] ================================================================================
2025-11-20 18:29:32 [INFO] Starting Point Align GUI...
2025-11-20 18:29:33 [INFO] GUI initialized successfully
2025-11-20 18:32:42 [INFO] ================================================================================
2025-11-20 18:32:42 [INFO] PointAlign Debug Log - Session started at 2025-11-20 18:32:42.121772
2025-11-20 18:32:42 [INFO] ================================================================================
2025-11-20 18:32:42 [INFO] SYSTEM INFORMATION:
2025-11-20 18:32:42 [INFO]   OS: Windows 11 (10.0.26100)
2025-11-20 18:32:42 [INFO]   Platform: Windows-11-10.0.26100-SP0
2025-11-20 18:32:42 [INFO]   Architecture: AMD64
2025-11-20 18:32:42 [INFO]   Processor: Intel64 Family 6 Model 158 Stepping 10, GenuineIntel
2025-11-20 18:32:42 [INFO]   Python Version: 3.14.0 (tags/v3.14.0:ebf955d, Oct  7 2025, 10:15:03) [MSC v.1944 64 bit (AMD64)]
2025-11-20 18:32:42 [INFO]   Python Executable: C:\Python314\python.exe
2025-11-20 18:32:42 [INFO]   Running as: Python script
2025-11-20 18:32:42 [INFO]   Script directory: C:\Users\gehl2\Auto_align_program
2025-11-20 18:32:42 [INFO]   Working directory: C:\Users\gehl2\Auto_align_program
2025-11-20 18:32:42 [INFO] 
INSTALLED PACKAGES:
2025-11-20 18:32:42 [ERROR]   OpenCV (cv2): NOT FOUND - No module named 'cv2'
2025-11-20 18:32:42 [INFO]   Qt Backend: PyQt6
2025-11-20 18:32:42 [INFO]   PyQt6: 6.10.0
2025-11-20 18:32:42 [INFO]   NumPy: 2.3.4
2025-11-20 18:32:42 [INFO] 
REQUIRED FILES CHECK:
2025-11-20 18:32:42 [INFO]   ✓ Test_with_img.lys: Found at C:\Users\gehl2\Auto_align_program\Test_with_img.lys
2025-11-20 18:32:42 [INFO]   ✓ Test.GDS: Found at C:\Users\gehl2\Auto_align_program\Test.GDS
2025-11-20 18:32:42 [INFO]   ✓ icon.ico: Found at C:\Users\gehl2\Auto_align_program\icon.ico
2025-11-20 18:32:42 [INFO]   ✓ console_runner.py: Found at C:\Users\gehl2\Auto_align_program\console_runner.py
2025-11-20 18:32:42 [INFO] ================================================================================
2025-11-20 18:32:42 [INFO] Starting Point Align GUI...
2025-11-20 18:32:43 [INFO] GUI initialized successfully
2025-11-21 12:10:38 [INFO] ================================================================================
2025-11-21 12:10:38 [INFO] PointAlign Debug Log - Session started at 2025-11-21 12:10:38.557708
2025-11-21 12:10:38 [INFO] ================================================================================
2025-11-21 12:10:38 [INFO] SYSTEM INFORMATION:
2025-11-21 12:10:38 [INFO]   OS: Windows 11 (10.0.26100)
2025-11-21 12:10:39 [INFO]   Platform: Windows-11-10.0.26100-SP0
2025-11-21 12:10:39 [INFO]   Architecture: AMD64
2025-11-21 12:10:39 [INFO]   Processor: Intel64 Family 6 Model 158 Stepping 10, GenuineIntel
2025-11-21 12:10:39 [INFO]   Python Version: 3.13.7 (tags/v3.13.7:bcee1c3, Aug 14 2025, 14:15:11) [MSC v.1944 64 bit (AMD64)]
2025-11-21 12:10:39 [INFO]   Python Executable: C:\Users\gehl2\AppData\Local\Programs\Python\Python313\python.exe
2025-11-21 12:10:39 [INFO]   Running as: Python script
2025-11-21 12:10:39 [INFO]   Script directory: C:\Users\gehl2\Auto_align_program
2025-11-21 12:10:39 [INFO]   Working directory: C:\Users\gehl2\Auto_align_program
2025-11-21 12:10:39 [INFO] 
INSTALLED PACKAGES:
2025-11-21 12:10:39 [INFO]   OpenCV (cv2): 4.12.0
2025-11-21 12:10:39 [INFO]   Qt Backend: PySide6
2025-11-21 12:10:39 [INFO]   PySide6: 6.9.3
2025-11-21 12:10:39 [INFO]   NumPy: 2.2.6
2025-11-21 12:10:39 [INFO] 
REQUIRED FILES CHECK:
2025-11-21 12:10:39 [INFO]   ✓ Test_with_img.lys: Found at C:\Users\gehl2\Auto_align_program\Test_with_img.lys
2025-11-21 12:10:39 [INFO]   ✓ Test.GDS: Found at C:\Users\gehl2\Auto_align_program\Test.GDS
2025-11-21 12:10:39 [INFO]   ✓ icon.ico: Found at C:\Users\gehl2\Auto_align_program\icon.ico
2025-11-21 12:10:39 [INFO]   ✓ console_runner.py: Found at C:\Users\gehl2\Auto_align_program\console_runner.py
2025-11-21 12:10:39 [INFO] ================================================================================
2025-11-21 12:10:39 [INFO] Starting Point Align GUI...
2025-11-21 12:10:40 [INFO] GUI initialized successfully
2025-11-21 12:18:07 [INFO] ================================================================================
2025-11-21 12:18:07 [INFO] PointAlign Debug Log - Session started at 2025-11-21 12:18:07.880240
2025-11-21 12:18:07 [INFO] ================================================================================
2025-11-21 12:18:07 [INFO] SYSTEM INFORMATION:
2025-11-21 12:18:08 [INFO]   OS: Windows 11 (10.0.26100)
2025-11-21 12:18:08 [INFO]   Platform: Windows-11-10.0.26100-SP0
2025-11-21 12:18:08 [INFO]   Architecture: AMD64
2025-11-21 12:18:08 [INFO]   Processor: Intel64 Family 6 Model 158 Stepping 10, GenuineIntel
2025-11-21 12:18:08 [INFO]   Python Version: 3.13.7 (tags/v3.13.7:bcee1c3, Aug 14 2025, 14:15:11) [MSC v.1944 64 bit (AMD64)]
2025-11-21 12:18:08 [INFO]   Python Executable: C:\Users\gehl2\AppData\Local\Programs\Python\Python313\python.exe
2025-11-21 12:18:08 [INFO]   Running as: Python script
2025-11-21 12:18:08 [INFO]   Script directory: C:\Users\gehl2\Auto_align_program
2025-11-21 12:18:08 [INFO]   Working directory: C:\Users\gehl2\Auto_align_program
2025-11-21 12:18:08 [INFO] 
INSTALLED PACKAGES:
2025-11-21 12:18:08 [INFO]   OpenCV (cv2): 4.12.0
2025-11-21 12:18:08 [INFO]   Qt Backend: PySide6
2025-11-21 12:18:08 [INFO]   PySide6: 6.9.3
2025-11-21 12:18:08 [INFO]   NumPy: 2.2.6
2025-11-21 12:18:08 [INFO] 
REQUIRED FILES CHECK:
2025-11-21 12:18:08 [INFO]   ✓ Test_with_img.lys: Found at C:\Users\gehl2\Auto_align_program\Test_with_img.lys
2025-11-21 12:18:08 [INFO]   ✓ Test.GDS: Found at C:\Users\gehl2\Auto_align_program\Test.GDS
2025-11-21 12:18:08 [INFO]   ✓ icon.ico: Found at C:\Users\gehl2\Auto_align_program\icon.ico
2025-11-21 12:18:08 [INFO]   ✓ console_runner.py: Found at C:\Users\gehl2\Auto_align_program\console_runner.py
2025-11-21 12:18:08 [INFO] ================================================================================
2025-11-21 12:18:08 [INFO] Starting Point Align GUI...
2025-11-21 12:18:08 [INFO] GUI initialized successfully
2025-11-21 12:20:18 [INFO] ================================================================================
2025-11-21 12:20:18 [INFO] PointAlign Debug Log - Session started at 2025-11-21 12:20:18.877788
2025-11-21 12:20:18 [INFO] ================================================================================
2025-11-21 12:20:18 [INFO] SYSTEM INFORMATION:
2025-11-21 12:20:19 [INFO]   OS: Windows 11 (10.0.26100)
2025-11-21 12:20:19 [INFO]   Platform: Windows-11-10.0.26100-SP0
2025-11-21 12:20:19 [INFO]   Architecture: AMD64
2025-11-21 12:20:19 [INFO]   Processor: Intel64 Family 6 Model 158 Stepping 10, GenuineIntel
2025-11-21 12:20:19 [INFO]   Python Version: 3.13.7 (tags/v3.13.7:bcee1c3, Aug 14 2025, 14:15:11) [MSC v.1944 64 bit (AMD64)]
2025-11-21 12:20:19 [INFO]   Python Executable: C:\Users\gehl2\AppData\Local\Programs\Python\Python313\python.exe
2025-11-21 12:20:19 [INFO]   Running as: Python script
2025-11-21 12:20:19 [INFO]   Script directory: C:\Users\gehl2\Auto_align_program
2025-11-21 12:20:19 [INFO]   Working directory: C:\Users\gehl2\Auto_align_program
2025-11-21 12:20:19 [INFO] 
INSTALLED PACKAGES:
2025-11-21 12:20:19 [INFO]   OpenCV (cv2): 4.12.0
2025-11-21 12:20:19 [INFO]   Qt Backend: PySide6
2025-11-21 12:20:19 [INFO]   PySide6: 6.9.3
2025-11-21 12:20:19 [INFO]   NumPy: 2.2.6
2025-11-21 12:20:19 [INFO] 
REQUIRED FILES CHECK:
2025-11-21 12:20:19 [INFO]   ✓ Test_with_img.lys: Found at C:\Users\gehl2\Auto_align_program\Test_with_img.lys
2025-11-21 12:20:19 [INFO]   ✓ Test.GDS: Found at C:\Users\gehl2\Auto_align_program\Test.GDS
2025-11-21 12:20:19 [INFO]   ✓ icon.ico: Found at C:\Users\gehl2\Auto_align_program\icon.ico
2025-11-21 12:20:19 [INFO]   ✓ console_runner.py: Found at C:\Users\gehl2\Auto_align_program\console_runner.py
2025-11-21 12:20:19 [INFO] ================================================================================
2025-11-21 12:20:19 [INFO] Starting Point Align GUI...
2025-11-21 12:20:20 [INFO] GUI initialized successfully
